 time            v(BL)           v(BLB)          v(WL)           v(WE)           v(PRE_N)        v(Din)          v(q)            v(qbar)        
 0.00000000e+00  1.19999939e+00  1.19999991e+00  0.00000000e+00  0.00000000e+00  0.00000000e+00  1.20000000e+00  0.00000000e+00  1.00000000e+00 
 1.00000000e-12  1.19999945e+00  1.20000007e+00  0.00000000e+00  0.00000000e+00  0.00000000e+00  1.20000000e+00  7.31363482e-03  1.02031508e+00 
 2.00000000e-12  1.19999944e+00  1.20000005e+00  0.00000000e+00  0.00000000e+00  0.00000000e+00  1.20000000e+00  1.22645088e-02  1.03690257e+00 
 4.00000000e-12  1.19999940e+00  1.20000002e+00  0.00000000e+00  0.00000000e+00  0.00000000e+00  1.20000000e+00  1.85773460e-02  1.06588228e+00 
 8.00000000e-12  1.19999937e+00  1.19999998e+00  0.00000000e+00  0.00000000e+00  0.00000000e+00  1.20000000e+00  1.89020548e-02  1.10685275e+00 
 1.60000000e-11  1.19999938e+00  1.19999994e+00  0.00000000e+00  0.00000000e+00  0.00000000e+00  1.20000000e+00  1.00051255e-02  1.15449218e+00 
 3.20000000e-11  1.19999939e+00  1.19999991e+00  0.00000000e+00  0.00000000e+00  0.00000000e+00  1.20000000e+00  1.39359191e-03  1.19198934e+00 
 6.40000000e-11  1.19999939e+00  1.19999991e+00  0.00000000e+00  0.00000000e+00  0.00000000e+00  1.20000000e+00 -1.45477226e-04  1.20157383e+00 
 1.28000000e-10  1.19999939e+00  1.19999991e+00  0.00000000e+00  0.00000000e+00  0.00000000e+00  1.20000000e+00  1.49284066e-05  1.19918289e+00 
 2.28000000e-10  1.19999939e+00  1.19999991e+00  0.00000000e+00  0.00000000e+00  0.00000000e+00  1.20000000e+00  2.63496815e-05  1.20055073e+00 
 3.28000000e-10  1.19999939e+00  1.19999991e+00  0.00000000e+00  0.00000000e+00  0.00000000e+00  1.20000000e+00 -4.97100522e-05  1.19962377e+00 
 4.28000000e-10  1.19999939e+00  1.19999991e+00  0.00000000e+00  0.00000000e+00  0.00000000e+00  1.20000000e+00  6.21988639e-05  1.20026367e+00 
 5.28000000e-10  1.19999939e+00  1.19999991e+00  0.00000000e+00  0.00000000e+00  0.00000000e+00  1.20000000e+00 -6.74574147e-05  1.19981063e+00 
 6.28000000e-10  1.19999939e+00  1.19999991e+00  0.00000000e+00  0.00000000e+00  0.00000000e+00  1.20000000e+00  6.87628514e-05  1.20014014e+00 
 7.28000000e-10  1.19999939e+00  1.19999991e+00  0.00000000e+00  0.00000000e+00  0.00000000e+00  1.20000000e+00 -6.73289470e-05  1.19989263e+00 
 8.28000000e-10  1.19999939e+00  1.19999991e+00  0.00000000e+00  0.00000000e+00  0.00000000e+00  1.20000000e+00  6.46252006e-05  1.20008485e+00 
 9.28000000e-10  1.19999939e+00  1.19999991e+00  0.00000000e+00  0.00000000e+00  0.00000000e+00  1.20000000e+00 -6.10229761e-05  1.19993043e+00 
 1.02800000e-09  1.19999939e+00  1.19999991e+00  0.00000000e+00  0.00000000e+00  0.00000000e+00  1.20000000e+00  5.71979629e-05  1.20005844e+00 
 1.12800000e-09  1.19999939e+00  1.19999991e+00  0.00000000e+00  0.00000000e+00  0.00000000e+00  1.20000000e+00 -5.31906217e-05  1.19994932e+00 
 1.22800000e-09  1.19999939e+00  1.19999991e+00  0.00000000e+00  0.00000000e+00  0.00000000e+00  1.20000000e+00  4.93523939e-05  1.20004455e+00 
 1.32800000e-09  1.19999939e+00  1.19999991e+00  0.00000000e+00  0.00000000e+00  0.00000000e+00  1.20000000e+00 -4.55871165e-05  1.19995986e+00 
 1.42800000e-09  1.19999939e+00  1.19999991e+00  0.00000000e+00  0.00000000e+00  0.00000000e+00  1.20000000e+00  4.21194181e-05  1.20003631e+00 
 1.52800000e-09  1.19999939e+00  1.19999991e+00  0.00000000e+00  0.00000000e+00  0.00000000e+00  1.20000000e+00 -3.87963168e-05  1.19996651e+00 
 1.62800000e-09  1.19999939e+00  1.19999991e+00  0.00000000e+00  0.00000000e+00  0.00000000e+00  1.20000000e+00  3.57955728e-05  1.20003081e+00 
 1.72800000e-09  1.19999939e+00  1.19999991e+00  0.00000000e+00  0.00000000e+00  0.00000000e+00  1.20000000e+00 -3.29410348e-05  1.19997117e+00 
 1.82800000e-09  1.19999939e+00  1.19999991e+00  0.00000000e+00  0.00000000e+00  0.00000000e+00  1.20000000e+00  3.03952386e-05  1.20002678e+00 
 1.92800000e-09  1.19999939e+00  1.19999991e+00  0.00000000e+00  0.00000000e+00  0.00000000e+00  1.20000000e+00 -2.79730656e-05  1.19997470e+00 
 2.02800000e-09  1.19999939e+00  1.19999991e+00  0.00000000e+00  0.00000000e+00  0.00000000e+00  1.20000000e+00  2.58339965e-05  1.20002364e+00 
 2.12800000e-09  1.19999939e+00  1.19999991e+00  0.00000000e+00  0.00000000e+00  0.00000000e+00  1.20000000e+00 -2.37898605e-05  1.19997752e+00 
 2.22800000e-09  1.19999939e+00  1.19999991e+00  0.00000000e+00  0.00000000e+00  0.00000000e+00  1.20000000e+00  2.20014883e-05  1.20002110e+00 
 2.32800000e-09  1.19999939e+00  1.19999991e+00  0.00000000e+00  0.00000000e+00  0.00000000e+00  1.20000000e+00 -2.02800516e-05  1.19997981e+00 
 2.42800000e-09  1.19999939e+00  1.19999991e+00  0.00000000e+00  0.00000000e+00  0.00000000e+00  1.20000000e+00  1.87890842e-05  1.20001901e+00 
 2.52800000e-09  1.19999939e+00  1.19999991e+00  0.00000000e+00  0.00000000e+00  0.00000000e+00  1.20000000e+00 -1.73400141e-05  1.19998172e+00 
 2.62800000e-09  1.19999939e+00  1.19999991e+00  0.00000000e+00  0.00000000e+00  0.00000000e+00  1.20000000e+00  1.60992680e-05  1.20001727e+00 
 2.72800000e-09  1.19999939e+00  1.19999991e+00  0.00000000e+00  0.00000000e+00  0.00000000e+00  1.20000000e+00 -1.48788311e-05  1.19998331e+00 
 2.82800000e-09  1.19999939e+00  1.19999991e+00  0.00000000e+00  0.00000000e+00  0.00000000e+00  1.20000000e+00  1.38478016e-05  1.20001581e+00 
 2.92800000e-09  1.19999939e+00  1.19999991e+00  0.00000000e+00  0.00000000e+00  0.00000000e+00  1.20000000e+00 -1.28187765e-05  1.19998465e+00 
 3.02800000e-09  1.19999939e+00  1.19999991e+00  0.00000000e+00  0.00000000e+00  0.00000000e+00  1.20000000e+00  1.19631864e-05  1.20001459e+00 
 3.12800000e-09  1.19999939e+00  1.19999991e+00  0.00000000e+00  0.00000000e+00  0.00000000e+00  1.20000000e+00 -1.10942032e-05  1.19998578e+00 
 3.22800000e-09  1.19999939e+00  1.19999991e+00  0.00000000e+00  0.00000000e+00  0.00000000e+00  1.20000000e+00  1.03852447e-05  1.20001355e+00 
 3.32800000e-09  1.19999939e+00  1.19999991e+00  0.00000000e+00  0.00000000e+00  0.00000000e+00  1.20000000e+00 -9.64999056e-06  1.19998673e+00 
 3.42800000e-09  1.19999939e+00  1.19999991e+00  0.00000000e+00  0.00000000e+00  0.00000000e+00  1.20000000e+00  9.06353279e-06  1.20001267e+00 
 3.52800000e-09  1.19999939e+00  1.19999991e+00  0.00000000e+00  0.00000000e+00  0.00000000e+00  1.20000000e+00 -8.43998819e-06  1.19998754e+00 
 3.62800000e-09  1.19999939e+00  1.19999991e+00  0.00000000e+00  0.00000000e+00  0.00000000e+00  1.20000000e+00  7.95585166e-06  1.20001193e+00 
 3.72800000e-09  1.19999939e+00  1.19999991e+00  0.00000000e+00  0.00000000e+00  0.00000000e+00  1.20000000e+00 -7.42561090e-06  1.19998823e+00 
 3.82800000e-09  1.19999939e+00  1.19999991e+00  0.00000000e+00  0.00000000e+00  0.00000000e+00  1.20000000e+00  7.02693392e-06  1.20001129e+00 
 3.92800000e-09  1.19999939e+00  1.19999991e+00  0.00000000e+00  0.00000000e+00  0.00000000e+00  1.20000000e+00 -6.57462083e-06  1.19998882e+00 
 4.02800000e-09  1.19999939e+00  1.19999991e+00  0.00000000e+00  0.00000000e+00  0.00000000e+00  1.20000000e+00  6.24731962e-06  1.20001075e+00 
 4.12800000e-09  1.19999939e+00  1.19999991e+00  0.00000000e+00  0.00000000e+00  0.00000000e+00  1.20000000e+00 -5.86009246e-06  1.19998932e+00 
 4.22800000e-09  1.19999939e+00  1.19999991e+00  0.00000000e+00  0.00000000e+00  0.00000000e+00  1.20000000e+00  5.59240585e-06  1.20001028e+00 
 4.32800000e-09  1.19999939e+00  1.19999991e+00  0.00000000e+00  0.00000000e+00  0.00000000e+00  1.20000000e+00 -5.25954104e-06  1.19998975e+00 
 4.42800000e-09  1.19999939e+00  1.19999991e+00  0.00000000e+00  0.00000000e+00  0.00000000e+00  1.20000000e+00  5.04164833e-06  1.20000988e+00 
 4.52800000e-09  1.19999939e+00  1.19999991e+00  0.00000000e+00  0.00000000e+00  0.00000000e+00  1.20000000e+00 -4.75419166e-06  1.19999012e+00 
 4.62800000e-09  1.19999939e+00  1.19999991e+00  0.00000000e+00  0.00000000e+00  0.00000000e+00  1.20000000e+00  4.57789285e-06  1.20000954e+00 
 4.72800000e-09  1.19999939e+00  1.19999991e+00  0.00000000e+00  0.00000000e+00  0.00000000e+00  1.20000000e+00 -4.32836774e-06  1.19999044e+00 
 4.82800000e-09  1.19999939e+00  1.19999991e+00  0.00000000e+00  0.00000000e+00  0.00000000e+00  1.20000000e+00  4.18681620e-06  1.20000924e+00 
 4.92800000e-09  1.19999939e+00  1.19999991e+00  0.00000000e+00  0.00000000e+00  0.00000000e+00  1.20000000e+00 -3.96897997e-06  1.19999073e+00 
 5.02800000e-09  1.19999939e+00  1.19999991e+00  0.00000000e+00  0.00000000e+00  0.00000000e+00  1.20000000e+00  3.85645910e-06  1.20000897e+00 
 5.12800000e-09  1.19999939e+00  1.19999991e+00  0.00000000e+00  0.00000000e+00  0.00000000e+00  1.20000000e+00 -3.66509934e-06  1.19999097e+00 
 5.22800000e-09  1.19999939e+00  1.19999991e+00  0.00000000e+00  0.00000000e+00  0.00000000e+00  1.20000000e+00  3.57683606e-06  1.20000874e+00 
 5.32800000e-09  1.19999939e+00  1.19999991e+00  0.00000000e+00  0.00000000e+00  0.00000000e+00  1.20000000e+00 -3.40760059e-06  1.19999119e+00 
 5.42800000e-09  1.19999939e+00  1.19999991e+00  0.00000000e+00  0.00000000e+00  0.00000000e+00  1.20000000e+00  3.33960958e-06  1.20000854e+00 
 5.52800000e-09  1.19999939e+00  1.19999991e+00  0.00000000e+00  0.00000000e+00  0.00000000e+00  1.20000000e+00 -3.18886446e-06  1.19999138e+00 
 5.62800000e-09  1.19999939e+00  1.19999991e+00  0.00000000e+00  0.00000000e+00  0.00000000e+00  1.20000000e+00  3.13781815e-06  1.20000836e+00 
 5.72800000e-09  1.19999939e+00  1.19999991e+00  0.00000000e+00  0.00000000e+00  0.00000000e+00  1.20000000e+00 -3.00252912e-06  1.19999155e+00 
 5.82800000e-09  1.19999939e+00  1.19999991e+00  0.00000000e+00  0.00000000e+00  0.00000000e+00  1.20000000e+00  2.96564908e-06  1.20000819e+00 
 5.92800000e-09  1.19999939e+00  1.19999991e+00  0.00000000e+00  0.00000000e+00  0.00000000e+00  1.20000000e+00 -2.84328259e-06  1.19999171e+00 
 6.02800000e-09  1.19999939e+00  1.19999991e+00  0.00000000e+00  0.00000000e+00  0.00000000e+00  1.20000000e+00  2.81824888e-06  1.20000805e+00 
 6.12800000e-09  1.19999939e+00  1.19999991e+00  0.00000000e+00  0.00000000e+00  0.00000000e+00  1.20000000e+00 -2.70668941e-06  1.19999185e+00 
 6.22800000e-09  1.19999939e+00  1.19999991e+00  0.00000000e+00  0.00000000e+00  0.00000000e+00  1.20000000e+00  2.69156492e-06  1.20000791e+00 
 6.32800000e-09  1.19999939e+00  1.19999991e+00  0.00000000e+00  0.00000000e+00  0.00000000e+00  1.20000000e+00 -2.58904601e-06  1.19999198e+00 
 6.42800000e-09  1.19999939e+00  1.19999991e+00  0.00000000e+00  0.00000000e+00  0.00000000e+00  1.20000000e+00  2.58221321e-06  1.20000779e+00 
 6.52800000e-09  1.19999939e+00  1.19999991e+00  0.00000000e+00  0.00000000e+00  0.00000000e+00  1.20000000e+00 -2.48725982e-06  1.19999209e+00 
 6.62800000e-09  1.19999939e+00  1.19999991e+00  0.00000000e+00  0.00000000e+00  0.00000000e+00  1.20000000e+00  2.48736805e-06  1.20000768e+00 
 6.72800000e-09  1.19999939e+00  1.19999991e+00  0.00000000e+00  0.00000000e+00  0.00000000e+00  1.20000000e+00 -2.39874847e-06  1.19999220e+00 
 6.82800000e-09  1.19999939e+00  1.19999991e+00  0.00000000e+00  0.00000000e+00  0.00000000e+00  1.20000000e+00  2.40466985e-06  1.20000757e+00 
 6.92800000e-09  1.19999939e+00  1.19999991e+00  0.00000000e+00  0.00000000e+00  0.00000000e+00  1.20000000e+00 -2.32135552e-06  1.19999231e+00 
 7.02800000e-09  1.19999939e+00  1.19999991e+00  0.00000000e+00  0.00000000e+00  0.00000000e+00  1.20000000e+00  2.33214821e-06  1.20000747e+00 
 7.12800000e-09  1.19999939e+00  1.19999991e+00  0.00000000e+00  0.00000000e+00  0.00000000e+00  1.20000000e+00 -2.25328021e-06  1.19999240e+00 
 7.22800000e-09  1.19999939e+00  1.19999991e+00  0.00000000e+00  0.00000000e+00  0.00000000e+00  1.20000000e+00  2.26815766e-06  1.20000738e+00 
 7.32800000e-09  1.19999939e+00  1.19999991e+00  0.00000000e+00  0.00000000e+00  0.00000000e+00  1.20000000e+00 -2.19301867e-06  1.19999249e+00 
 7.42800000e-09  1.19999939e+00  1.19999991e+00  0.00000000e+00  0.00000000e+00  0.00000000e+00  1.20000000e+00  2.21132400e-06  1.20000729e+00 
 7.52800000e-09  1.19999939e+00  1.19999991e+00  0.00000000e+00  0.00000000e+00  0.00000000e+00  1.20000000e+00 -2.13931498e-06  1.19999258e+00 
 7.62800000e-09  1.19999939e+00  1.19999991e+00  0.00000000e+00  0.00000000e+00  0.00000000e+00  1.20000000e+00  2.16049961e-06  1.20000721e+00 
 7.72800000e-09  1.19999939e+00  1.19999991e+00  0.00000000e+00  0.00000000e+00  0.00000000e+00  1.20000000e+00 -2.09112022e-06  1.19999266e+00 
 7.82800000e-09  1.19999939e+00  1.19999991e+00  0.00000000e+00  0.00000000e+00  0.00000000e+00  1.20000000e+00  2.11472592e-06  1.20000713e+00 
 7.92800000e-09  1.19999939e+00  1.19999991e+00  0.00000000e+00  0.00000000e+00  0.00000000e+00  1.20000000e+00 -2.04755829e-06  1.19999274e+00 
 8.02800000e-09  1.19999939e+00  1.19999991e+00  0.00000000e+00  0.00000000e+00  0.00000000e+00  1.20000000e+00  2.07320232e-06  1.20000705e+00 
 8.12800000e-09  1.19999939e+00  1.19999991e+00  0.00000000e+00  0.00000000e+00  0.00000000e+00  1.20000000e+00 -2.00789739e-06  1.19999281e+00 
 8.22800000e-09  1.19999939e+00  1.19999991e+00  0.00000000e+00  0.00000000e+00  0.00000000e+00  1.20000000e+00  2.03526003e-06  1.20000698e+00 
 8.32800000e-09  1.19999939e+00  1.19999991e+00  0.00000000e+00  0.00000000e+00  0.00000000e+00  1.20000000e+00 -1.97152620e-06  1.19999289e+00 
 8.42800000e-09  1.19999939e+00  1.19999991e+00  0.00000000e+00  0.00000000e+00  0.00000000e+00  1.20000000e+00  2.00034035e-06  1.20000690e+00 
 8.52800000e-09  1.19999939e+00  1.19999991e+00  0.00000000e+00  0.00000000e+00  0.00000000e+00  1.20000000e+00 -1.93793401e-06  1.19999296e+00 
 8.62800000e-09  1.19999939e+00  1.19999991e+00  0.00000000e+00  0.00000000e+00  0.00000000e+00  1.20000000e+00  1.96797649e-06  1.20000683e+00 
 8.72800000e-09  1.19999939e+00  1.19999991e+00  0.00000000e+00  0.00000000e+00  0.00000000e+00  1.20000000e+00 -1.90669410e-06  1.19999303e+00 
 8.82800000e-09  1.19999939e+00  1.19999991e+00  0.00000000e+00  0.00000000e+00  0.00000000e+00  1.20000000e+00  1.93777841e-06  1.20000676e+00 
 8.92800000e-09  1.19999939e+00  1.19999991e+00  0.00000000e+00  0.00000000e+00  0.00000000e+00  1.20000000e+00 -1.87744987e-06  1.19999309e+00 
 9.02800000e-09  1.19999939e+00  1.19999991e+00  0.00000000e+00  0.00000000e+00  0.00000000e+00  1.20000000e+00  1.90942014e-06  1.20000670e+00 
 9.12800000e-09  1.19999939e+00  1.19999991e+00  0.00000000e+00  0.00000000e+00  0.00000000e+00  1.20000000e+00 -1.84990329e-06  1.19999316e+00 
 9.22800000e-09  1.19999939e+00  1.19999991e+00  0.00000000e+00  0.00000000e+00  0.00000000e+00  1.20000000e+00  1.88262922e-06  1.20000663e+00 
 9.32800000e-09  1.19999939e+00  1.19999991e+00  0.00000000e+00  0.00000000e+00  0.00000000e+00  1.20000000e+00 -1.82380523e-06  1.19999323e+00 
 9.42800000e-09  1.19999939e+00  1.19999991e+00  0.00000000e+00  0.00000000e+00  0.00000000e+00  1.20000000e+00  1.85717786e-06  1.20000657e+00 
 9.52800000e-09  1.19999939e+00  1.19999991e+00  0.00000000e+00  0.00000000e+00  0.00000000e+00  1.20000000e+00 -1.79894735e-06  1.19999329e+00 
 9.62800000e-09  1.19999939e+00  1.19999991e+00  0.00000000e+00  0.00000000e+00  0.00000000e+00  1.20000000e+00  1.83287558e-06  1.20000651e+00 
 9.72800000e-09  1.19999939e+00  1.19999991e+00  0.00000000e+00  0.00000000e+00  0.00000000e+00  1.20000000e+00 -1.77515545e-06  1.19999335e+00 
 9.82800000e-09  1.19999939e+00  1.19999991e+00  0.00000000e+00  0.00000000e+00  0.00000000e+00  1.20000000e+00  1.80956303e-06  1.20000644e+00 
 9.92800000e-09  1.19999939e+00  1.19999991e+00  0.00000000e+00  0.00000000e+00  0.00000000e+00  1.20000000e+00 -1.75228375e-06  1.19999341e+00 
 1.00000000e-08  1.19999939e+00  1.19999991e+00  0.00000000e+00  0.00000000e+00  0.00000000e+00  1.20000000e+00  1.78282848e-06  1.20000637e+00 
 1.00050000e-08  1.20008486e+00  1.20008541e+00  0.00000000e+00  0.00000000e+00  1.20000000e-01  1.20000000e+00  1.07614787e-07  1.20000011e+00 
 1.00150000e-08  1.20025484e+00  1.20025545e+00  0.00000000e+00  0.00000000e+00  3.60000000e-01  1.20000000e+00 -3.80654313e-08  1.19999978e+00 
 1.00350000e-08  1.20056087e+00  1.20056160e+00  0.00000000e+00  0.00000000e+00  8.40000000e-01  1.20000000e+00  7.12745223e-08  1.20000005e+00 
 1.00500000e-08  1.20071919e+00  1.20071999e+00  0.00000000e+00  0.00000000e+00  1.20000000e+00  1.20000000e+00 -2.90124527e-08  1.19999977e+00 
 1.00540000e-08  1.20071921e+00  1.20072002e+00  0.00000000e+00  0.00000000e+00  1.20000000e+00  1.20000000e+00  9.27480402e-10  1.19999988e+00 
 1.00620000e-08  1.20071919e+00  1.20072001e+00  0.00000000e+00  0.00000000e+00  1.20000000e+00  1.20000000e+00  3.16233450e-08  1.19999991e+00 
 1.00780000e-08  1.20071919e+00  1.20072001e+00  0.00000000e+00  0.00000000e+00  1.20000000e+00  1.20000000e+00  1.93667843e-08  1.19999991e+00 
 1.01100000e-08  1.20071918e+00  1.20072001e+00  0.00000000e+00  0.00000000e+00  1.20000000e+00  1.20000000e+00  2.58993829e-08  1.19999992e+00 
 1.01740000e-08  1.20071916e+00  1.20072001e+00  0.00000000e+00  0.00000000e+00  1.20000000e+00  1.20000000e+00  2.05440590e-08  1.19999991e+00 
 1.02740000e-08  1.20071913e+00  1.20072000e+00  0.00000000e+00  0.00000000e+00  1.20000000e+00  1.20000000e+00  2.53049684e-08  1.19999992e+00 
 1.03740000e-08  1.20071910e+00  1.20072000e+00  0.00000000e+00  0.00000000e+00  1.20000000e+00  1.20000000e+00  2.09652385e-08  1.19999991e+00 
 1.04740000e-08  1.20071907e+00  1.20071999e+00  0.00000000e+00  0.00000000e+00  1.20000000e+00  1.20000000e+00  2.49164342e-08  1.19999992e+00 
 1.05740000e-08  1.20071904e+00  1.20071999e+00  0.00000000e+00  0.00000000e+00  1.20000000e+00  1.20000000e+00  2.13226819e-08  1.19999991e+00 
 1.06740000e-08  1.20071901e+00  1.20071998e+00  0.00000000e+00  0.00000000e+00  1.20000000e+00  1.20000000e+00  2.45882062e-08  1.19999992e+00 
 1.07740000e-08  1.20071899e+00  1.20071998e+00  0.00000000e+00  0.00000000e+00  1.20000000e+00  1.20000000e+00  2.16236944e-08  1.19999991e+00 
 1.08740000e-08  1.20071895e+00  1.20071998e+00  0.00000000e+00  0.00000000e+00  1.20000000e+00  1.20000000e+00  2.43123996e-08  1.19999992e+00 
 1.09740000e-08  1.20071893e+00  1.20071997e+00  0.00000000e+00  0.00000000e+00  1.20000000e+00  1.20000000e+00  2.18762512e-08  1.19999991e+00 
 1.10740000e-08  1.20071890e+00  1.20071997e+00  0.00000000e+00  0.00000000e+00  1.20000000e+00  1.20000000e+00  2.40812297e-08  1.19999992e+00 
 1.11740000e-08  1.20071887e+00  1.20071997e+00  0.00000000e+00  0.00000000e+00  1.20000000e+00  1.20000000e+00  2.20877882e-08  1.19999991e+00 
 1.12740000e-08  1.20071884e+00  1.20071996e+00  0.00000000e+00  0.00000000e+00  1.20000000e+00  1.20000000e+00  2.38876878e-08  1.19999992e+00 
 1.13740000e-08  1.20071881e+00  1.20071996e+00  0.00000000e+00  0.00000000e+00  1.20000000e+00  1.20000000e+00  2.22648455e-08  1.19999991e+00 
 1.14740000e-08  1.20071878e+00  1.20071995e+00  0.00000000e+00  0.00000000e+00  1.20000000e+00  1.20000000e+00  2.37257201e-08  1.19999992e+00 
 1.15740000e-08  1.20071875e+00  1.20071995e+00  0.00000000e+00  0.00000000e+00  1.20000000e+00  1.20000000e+00  2.24130067e-08  1.19999991e+00 
 1.16740000e-08  1.20071872e+00  1.20071995e+00  0.00000000e+00  0.00000000e+00  1.20000000e+00  1.20000000e+00  2.35901853e-08  1.19999992e+00 
 1.17740000e-08  1.20071869e+00  1.20071994e+00  0.00000000e+00  0.00000000e+00  1.20000000e+00  1.20000000e+00  2.25369945e-08  1.19999991e+00 
 1.18740000e-08  1.20071866e+00  1.20071994e+00  0.00000000e+00  0.00000000e+00  1.20000000e+00  1.20000000e+00  2.34767541e-08  1.19999992e+00 
 1.19740000e-08  1.20071863e+00  1.20071993e+00  0.00000000e+00  0.00000000e+00  1.20000000e+00  1.20000000e+00  2.26407759e-08  1.19999991e+00 
 1.20740000e-08  1.20071860e+00  1.20071993e+00  0.00000000e+00  0.00000000e+00  1.20000000e+00  1.20000000e+00  2.33817945e-08  1.19999992e+00 
 1.21740000e-08  1.20071857e+00  1.20071993e+00  0.00000000e+00  0.00000000e+00  1.20000000e+00  1.20000000e+00  2.27276693e-08  1.19999991e+00 
 1.22740000e-08  1.20071854e+00  1.20071992e+00  0.00000000e+00  0.00000000e+00  1.20000000e+00  1.20000000e+00  2.33022693e-08  1.19999992e+00 
 1.23740000e-08  1.20071851e+00  1.20071992e+00  0.00000000e+00  0.00000000e+00  1.20000000e+00  1.20000000e+00  2.28004588e-08  1.19999991e+00 
 1.24740000e-08  1.20071848e+00  1.20071991e+00  0.00000000e+00  0.00000000e+00  1.20000000e+00  1.20000000e+00  2.32356400e-08  1.19999992e+00 
 1.25740000e-08  1.20071845e+00  1.20071991e+00  0.00000000e+00  0.00000000e+00  1.20000000e+00  1.20000000e+00  2.28614561e-08  1.19999991e+00 
 1.26740000e-08  1.20071842e+00  1.20071991e+00  0.00000000e+00  0.00000000e+00  1.20000000e+00  1.20000000e+00  2.31797893e-08  1.19999992e+00 
 1.27740000e-08  1.20071839e+00  1.20071990e+00  0.00000000e+00  0.00000000e+00  1.20000000e+00  1.20000000e+00  2.29126028e-08  1.19999991e+00 
 1.28740000e-08  1.20071836e+00  1.20071990e+00  0.00000000e+00  0.00000000e+00  1.20000000e+00  1.20000000e+00  2.31329411e-08  1.19999992e+00 
 1.29740000e-08  1.20071833e+00  1.20071989e+00  0.00000000e+00  0.00000000e+00  1.20000000e+00  1.20000000e+00  2.29555207e-08  1.19999991e+00 
 1.30740000e-08  1.20071830e+00  1.20071989e+00  0.00000000e+00  0.00000000e+00  1.20000000e+00  1.20000000e+00  2.30936169e-08  1.19999992e+00 
 1.31740000e-08  1.20071827e+00  1.20071989e+00  0.00000000e+00  0.00000000e+00  1.20000000e+00  1.20000000e+00  2.29915573e-08  1.19999991e+00 
 1.32740000e-08  1.20071824e+00  1.20071988e+00  0.00000000e+00  0.00000000e+00  1.20000000e+00  1.20000000e+00  2.30605850e-08  1.19999992e+00 
 1.33740000e-08  1.20071821e+00  1.20071988e+00  0.00000000e+00  0.00000000e+00  1.20000000e+00  1.20000000e+00  2.30218431e-08  1.19999991e+00 
 1.34740000e-08  1.20071818e+00  1.20071987e+00  0.00000000e+00  0.00000000e+00  1.20000000e+00  1.20000000e+00  2.30328067e-08  1.19999992e+00 
 1.35740000e-08  1.20071816e+00  1.20071987e+00  0.00000000e+00  0.00000000e+00  1.20000000e+00  1.20000000e+00  2.30473272e-08  1.19999991e+00 
 1.36740000e-08  1.20071813e+00  1.20071987e+00  0.00000000e+00  0.00000000e+00  1.20000000e+00  1.20000000e+00  2.30094220e-08  1.19999992e+00 
 1.37740000e-08  1.20071810e+00  1.20071986e+00  0.00000000e+00  0.00000000e+00  1.20000000e+00  1.20000000e+00  2.30687918e-08  1.19999991e+00 
 1.38740000e-08  1.20071807e+00  1.20071986e+00  0.00000000e+00  0.00000000e+00  1.20000000e+00  1.20000000e+00  2.29897133e-08  1.19999992e+00 
 1.39740000e-08  1.20071804e+00  1.20071985e+00  0.00000000e+00  0.00000000e+00  1.20000000e+00  1.20000000e+00  2.30868948e-08  1.19999991e+00 
 1.40740000e-08  1.20071801e+00  1.20071985e+00  0.00000000e+00  0.00000000e+00  1.20000000e+00  1.20000000e+00  2.29730772e-08  1.19999992e+00 
 1.41740000e-08  1.20071798e+00  1.20071985e+00  0.00000000e+00  0.00000000e+00  1.20000000e+00  1.20000000e+00  2.31021855e-08  1.19999991e+00 
 1.42740000e-08  1.20071795e+00  1.20071984e+00  0.00000000e+00  0.00000000e+00  1.20000000e+00  1.20000000e+00  2.29590168e-08  1.19999991e+00 
 1.43740000e-08  1.20071792e+00  1.20071984e+00  0.00000000e+00  0.00000000e+00  1.20000000e+00  1.20000000e+00  2.31151219e-08  1.19999991e+00 
 1.44740000e-08  1.20071789e+00  1.20071983e+00  0.00000000e+00  0.00000000e+00  1.20000000e+00  1.20000000e+00  2.29471065e-08  1.19999991e+00 
 1.45740000e-08  1.20071786e+00  1.20071983e+00  0.00000000e+00  0.00000000e+00  1.20000000e+00  1.20000000e+00  2.31260925e-08  1.19999991e+00 
 1.46740000e-08  1.20071783e+00  1.20071983e+00  0.00000000e+00  0.00000000e+00  1.20000000e+00  1.20000000e+00  2.29369955e-08  1.19999991e+00 
 1.47740000e-08  1.20071780e+00  1.20071982e+00  0.00000000e+00  0.00000000e+00  1.20000000e+00  1.20000000e+00  2.31354162e-08  1.19999991e+00 
 1.48740000e-08  1.20071777e+00  1.20071982e+00  0.00000000e+00  0.00000000e+00  1.20000000e+00  1.20000000e+00  2.29283942e-08  1.19999991e+00 
 1.49740000e-08  1.20071774e+00  1.20071982e+00  0.00000000e+00  0.00000000e+00  1.20000000e+00  1.20000000e+00  2.31433522e-08  1.19999991e+00 
 1.50740000e-08  1.20071771e+00  1.20071981e+00  0.00000000e+00  0.00000000e+00  1.20000000e+00  1.20000000e+00  2.29210642e-08  1.19999991e+00 
 1.51740000e-08  1.20071768e+00  1.20071981e+00  0.00000000e+00  0.00000000e+00  1.20000000e+00  1.20000000e+00  2.31501305e-08  1.19999991e+00 
 1.52740000e-08  1.20071765e+00  1.20071980e+00  0.00000000e+00  0.00000000e+00  1.20000000e+00  1.20000000e+00  2.29147920e-08  1.19999991e+00 
 1.53740000e-08  1.20071762e+00  1.20071980e+00  0.00000000e+00  0.00000000e+00  1.20000000e+00  1.20000000e+00  2.31559369e-08  1.19999991e+00 
 1.54740000e-08  1.20071759e+00  1.20071980e+00  0.00000000e+00  0.00000000e+00  1.20000000e+00  1.20000000e+00  2.29094118e-08  1.19999991e+00 
 1.55740000e-08  1.20071756e+00  1.20071979e+00  0.00000000e+00  0.00000000e+00  1.20000000e+00  1.20000000e+00  2.31609253e-08  1.19999991e+00 
 1.56740000e-08  1.20071753e+00  1.20071979e+00  0.00000000e+00  0.00000000e+00  1.20000000e+00  1.20000000e+00  2.29047810e-08  1.19999991e+00 
 1.57740000e-08  1.20071750e+00  1.20071978e+00  0.00000000e+00  0.00000000e+00  1.20000000e+00  1.20000000e+00  2.31652277e-08  1.19999991e+00 
 1.58740000e-08  1.20071747e+00  1.20071978e+00  0.00000000e+00  0.00000000e+00  1.20000000e+00  1.20000000e+00  2.29007813e-08  1.19999991e+00 
 1.59740000e-08  1.20071744e+00  1.20071978e+00  0.00000000e+00  0.00000000e+00  1.20000000e+00  1.20000000e+00  2.31689507e-08  1.19999991e+00 
 1.60740000e-08  1.20071741e+00  1.20071977e+00  0.00000000e+00  0.00000000e+00  1.20000000e+00  1.20000000e+00  2.28973091e-08  1.19999991e+00 
 1.61740000e-08  1.20071738e+00  1.20071977e+00  0.00000000e+00  0.00000000e+00  1.20000000e+00  1.20000000e+00  2.31721887e-08  1.19999991e+00 
 1.62740000e-08  1.20071736e+00  1.20071976e+00  0.00000000e+00  0.00000000e+00  1.20000000e+00  1.20000000e+00  2.28942853e-08  1.19999991e+00 
 1.63740000e-08  1.20071733e+00  1.20071976e+00  0.00000000e+00  0.00000000e+00  1.20000000e+00  1.20000000e+00  2.31750141e-08  1.19999991e+00 
 1.64740000e-08  1.20071730e+00  1.20071976e+00  0.00000000e+00  0.00000000e+00  1.20000000e+00  1.20000000e+00  2.28916428e-08  1.19999991e+00 
 1.65740000e-08  1.20071727e+00  1.20071975e+00  0.00000000e+00  0.00000000e+00  1.20000000e+00  1.20000000e+00  2.31774915e-08  1.19999991e+00 
 1.66740000e-08  1.20071724e+00  1.20071975e+00  0.00000000e+00  0.00000000e+00  1.20000000e+00  1.20000000e+00  2.28893163e-08  1.19999991e+00 
 1.67740000e-08  1.20071721e+00  1.20071974e+00  0.00000000e+00  0.00000000e+00  1.20000000e+00  1.20000000e+00  2.31796759e-08  1.19999991e+00 
 1.68740000e-08  1.20071718e+00  1.20071974e+00  0.00000000e+00  0.00000000e+00  1.20000000e+00  1.20000000e+00  2.28872618e-08  1.19999991e+00 
 1.69740000e-08  1.20071715e+00  1.20071974e+00  0.00000000e+00  0.00000000e+00  1.20000000e+00  1.20000000e+00  2.31816098e-08  1.19999991e+00 
 1.70740000e-08  1.20071712e+00  1.20071973e+00  0.00000000e+00  0.00000000e+00  1.20000000e+00  1.20000000e+00  2.28854388e-08  1.19999991e+00 
 1.71740000e-08  1.20071709e+00  1.20071973e+00  0.00000000e+00  0.00000000e+00  1.20000000e+00  1.20000000e+00  2.31833314e-08  1.19999991e+00 
 1.72740000e-08  1.20071706e+00  1.20071972e+00  0.00000000e+00  0.00000000e+00  1.20000000e+00  1.20000000e+00  2.28838095e-08  1.19999991e+00 
 1.73740000e-08  1.20071703e+00  1.20071972e+00  0.00000000e+00  0.00000000e+00  1.20000000e+00  1.20000000e+00  2.31848733e-08  1.19999991e+00 
 1.74740000e-08  1.20071700e+00  1.20071972e+00  0.00000000e+00  0.00000000e+00  1.20000000e+00  1.20000000e+00  2.28823484e-08  1.19999991e+00 
 1.75740000e-08  1.20071697e+00  1.20071971e+00  0.00000000e+00  0.00000000e+00  1.20000000e+00  1.20000000e+00  2.31862582e-08  1.19999991e+00 
 1.76740000e-08  1.20071694e+00  1.20071971e+00  0.00000000e+00  0.00000000e+00  1.20000000e+00  1.20000000e+00  2.28810344e-08  1.19999991e+00 
 1.77740000e-08  1.20071691e+00  1.20071970e+00  0.00000000e+00  0.00000000e+00  1.20000000e+00  1.20000000e+00  2.31875066e-08  1.19999991e+00 
 1.78740000e-08  1.20071688e+00  1.20071970e+00  0.00000000e+00  0.00000000e+00  1.20000000e+00  1.20000000e+00  2.28798432e-08  1.19999991e+00 
 1.79740000e-08  1.20071685e+00  1.20071970e+00  0.00000000e+00  0.00000000e+00  1.20000000e+00  1.20000000e+00  2.31886445e-08  1.19999991e+00 
 1.80740000e-08  1.20071682e+00  1.20071969e+00  0.00000000e+00  0.00000000e+00  1.20000000e+00  1.20000000e+00  2.28787567e-08  1.19999991e+00 
 1.81740000e-08  1.20071679e+00  1.20071969e+00  0.00000000e+00  0.00000000e+00  1.20000000e+00  1.20000000e+00  2.31896792e-08  1.19999991e+00 
 1.82740000e-08  1.20071676e+00  1.20071968e+00  0.00000000e+00  0.00000000e+00  1.20000000e+00  1.20000000e+00  2.28777696e-08  1.19999991e+00 
 1.83740000e-08  1.20071673e+00  1.20071968e+00  0.00000000e+00  0.00000000e+00  1.20000000e+00  1.20000000e+00  2.31906255e-08  1.19999991e+00 
 1.84740000e-08  1.20071670e+00  1.20071968e+00  0.00000000e+00  0.00000000e+00  1.20000000e+00  1.20000000e+00  2.28768599e-08  1.19999991e+00 
 1.85740000e-08  1.20071667e+00  1.20071967e+00  0.00000000e+00  0.00000000e+00  1.20000000e+00  1.20000000e+00  2.31914977e-08  1.19999991e+00 
 1.86740000e-08  1.20071664e+00  1.20071967e+00  0.00000000e+00  0.00000000e+00  1.20000000e+00  1.20000000e+00  2.28760228e-08  1.19999991e+00 
 1.87740000e-08  1.20071661e+00  1.20071967e+00  0.00000000e+00  0.00000000e+00  1.20000000e+00  1.20000000e+00  2.31922988e-08  1.19999991e+00 
 1.88740000e-08  1.20071658e+00  1.20071966e+00  0.00000000e+00  0.00000000e+00  1.20000000e+00  1.20000000e+00  2.28752560e-08  1.19999991e+00 
 1.89740000e-08  1.20071656e+00  1.20071966e+00  0.00000000e+00  0.00000000e+00  1.20000000e+00  1.20000000e+00  2.31930378e-08  1.19999991e+00 
 1.90000000e-08  1.20071655e+00  1.20071966e+00  0.00000000e+00  0.00000000e+00  1.20000000e+00  1.20000000e+00  2.28736049e-08  1.19999991e+00 
 1.90100000e-08  1.20095146e+00  1.20100529e+00  1.20000000e-02  6.00000000e-02  1.20000000e+00  1.20000000e+00  2.50732422e-04  1.20041476e+00 
 1.90300000e-08  1.20141505e+00  1.20158645e+00  3.60000000e-02  1.80000000e-01  1.20000000e+00  1.20000000e+00  3.17372879e-04  1.20072928e+00 
 1.90700000e-08  1.20199564e+00  1.20277201e+00  8.40000000e-02  4.20000000e-01  1.20000000e+00  1.20000000e+00  2.36112887e-04  1.20069771e+00 
 1.91500000e-08  1.17783109e+00  1.20508573e+00  1.80000000e-01  9.00000000e-01  1.20000000e+00  1.20000000e+00  3.07321777e-04  1.20074272e+00 
 1.92000000e-08  1.13546059e+00  1.20615174e+00  2.40000000e-01  1.20000000e+00  1.20000000e+00  1.20000000e+00  2.54866766e-04  1.20071542e+00 
 1.92100000e-08  1.12443405e+00  1.20600543e+00  2.52000000e-01  1.20000000e+00  1.20000000e+00  1.20000000e+00  2.78831721e-04  1.20072933e+00 
 1.92300000e-08  1.10249783e+00  1.20576993e+00  2.76000000e-01  1.20000000e+00  1.20000000e+00  1.20000000e+00  2.95117983e-04  1.20073745e+00 
 1.92700000e-08  1.05886243e+00  1.20550364e+00  3.24000000e-01  1.20000000e+00  1.20000000e+00  1.20000000e+00  3.33469076e-04  1.20074277e+00 
 1.93500000e-08  9.71870674e-01  1.20521992e+00  4.20000000e-01  1.20000000e+00  1.20000000e+00  1.20000000e+00  9.93532163e-04  1.20080641e+00 
 1.94500000e-08  8.63638123e-01  1.20500879e+00  5.40000000e-01  1.20000000e+00  1.20000000e+00  1.20000000e+00  6.21047033e-03  1.20113077e+00 
 1.95500000e-08  7.55684239e-01  1.20484137e+00  6.60000000e-01  1.20000000e+00  1.20000000e+00  1.20000000e+00  1.92184444e-02  1.20156301e+00 
 1.96500000e-08  6.47995961e-01  1.20467520e+00  7.80000000e-01  1.20000000e+00  1.20000000e+00  1.20000000e+00  3.82585979e-02  1.20181303e+00 
 1.97500000e-08  5.41254414e-01  1.20452276e+00  9.00000000e-01  1.20000000e+00  1.20000000e+00  1.20000000e+00  6.06433050e-02  1.20199871e+00 
 1.98500000e-08  4.37547034e-01  1.20441639e+00  1.02000000e+00  1.20000000e+00  1.20000000e+00  1.20000000e+00  8.36322669e-02  1.20202154e+00 
 1.99500000e-08  3.40621246e-01  1.20434560e+00  1.14000000e+00  1.20000000e+00  1.20000000e+00  1.20000000e+00  1.01133550e-01  1.20163724e+00 
 2.00000000e-08  2.96019916e-01  1.20431630e+00  1.20000000e+00  1.20000000e+00  1.20000000e+00  1.20000000e+00  1.04453648e-01  1.20111642e+00 
 2.00100000e-08  2.87564153e-01  1.20430865e+00  1.20000000e+00  1.20000000e+00  1.20000000e+00  1.20000000e+00  1.02792688e-01  1.20019042e+00 
 2.00300000e-08  2.70964037e-01  1.20429343e+00  1.20000000e+00  1.20000000e+00  1.20000000e+00  1.20000000e+00  9.92851208e-02  1.19916176e+00 
 2.00700000e-08  2.39667953e-01  1.20426391e+00  1.20000000e+00  1.20000000e+00  1.20000000e+00  1.20000000e+00  9.14825864e-02  1.19895721e+00 
 2.01500000e-08  1.84893949e-01  1.20420796e+00  1.20000000e+00  1.20000000e+00  1.20000000e+00  1.20000000e+00  7.50852909e-02  1.19896719e+00 
 2.02500000e-08  1.30709893e-01  1.20414264e+00  1.20000000e+00  1.20000000e+00  1.20000000e+00  1.20000000e+00  5.57988276e-02  1.19908851e+00 
 2.03500000e-08  9.07046883e-02  1.20408130e+00  1.20000000e+00  1.20000000e+00  1.20000000e+00  1.20000000e+00  3.98425315e-02  1.19930476e+00 
 2.04500000e-08  6.21461330e-02  1.20402314e+00  1.20000000e+00  1.20000000e+00  1.20000000e+00  1.20000000e+00  2.77747508e-02  1.19949173e+00 
 2.05500000e-08  4.22204659e-02  1.20396758e+00  1.20000000e+00  1.20000000e+00  1.20000000e+00  1.20000000e+00  1.90503404e-02  1.19964350e+00 
 2.06500000e-08  2.85256282e-02  1.20391422e+00  1.20000000e+00  1.20000000e+00  1.20000000e+00  1.20000000e+00  1.29601568e-02  1.19975590e+00 
 2.07500000e-08  1.92041803e-02  1.20386277e+00  1.20000000e+00  1.20000000e+00  1.20000000e+00  1.20000000e+00  8.75033103e-03  1.19983142e+00 
 2.08500000e-08  1.28994138e-02  1.20381298e+00  1.20000000e+00  1.20000000e+00  1.20000000e+00  1.20000000e+00  5.90008016e-03  1.19988885e+00 
 2.09500000e-08  8.65225540e-03  1.20376466e+00  1.20000000e+00  1.20000000e+00  1.20000000e+00  1.20000000e+00  3.95635639e-03  1.19992199e+00 
 2.10500000e-08  5.79888720e-03  1.20371767e+00  1.20000000e+00  1.20000000e+00  1.20000000e+00  1.20000000e+00  2.66132896e-03  1.19995079e+00 
 2.11500000e-08  3.88464339e-03  1.20367188e+00  1.20000000e+00  1.20000000e+00  1.20000000e+00  1.20000000e+00  1.77809718e-03  1.19996381e+00 
 2.12500000e-08  2.60226058e-03  1.20362719e+00  1.20000000e+00  1.20000000e+00  1.20000000e+00  1.20000000e+00  1.19740783e-03  1.19997877e+00 
 2.13500000e-08  1.74406626e-03  1.20358349e+00  1.20000000e+00  1.20000000e+00  1.20000000e+00  1.20000000e+00  7.96960750e-04  1.19998283e+00 
 2.14500000e-08  1.16979951e-03  1.20354072e+00  1.20000000e+00  1.20000000e+00  1.20000000e+00  1.20000000e+00  5.40079879e-04  1.19999132e+00 
 2.15500000e-08  7.85488891e-04  1.20349882e+00  1.20000000e+00  1.20000000e+00  1.20000000e+00  1.20000000e+00  3.57589584e-04  1.19999144e+00 
 2.16500000e-08  5.28396035e-04  1.20345774e+00  1.20000000e+00  1.20000000e+00  1.20000000e+00  1.20000000e+00  2.45364306e-04  1.19999684e+00 
 2.17500000e-08  3.56292568e-04  1.20341742e+00  1.20000000e+00  1.20000000e+00  1.20000000e+00  1.20000000e+00  1.60946698e-04  1.19999539e+00 
 2.18500000e-08  2.41151748e-04  1.20337782e+00  1.20000000e+00  1.20000000e+00  1.20000000e+00  1.20000000e+00  1.13158827e-04  1.19999922e+00 
 2.19500000e-08  1.63986808e-04  1.20333891e+00  1.20000000e+00  1.20000000e+00  1.20000000e+00  1.20000000e+00  7.29780702e-05  1.19999725e+00 
 2.20500000e-08  1.12328659e-04  1.20330065e+00  1.20000000e+00  1.20000000e+00  1.20000000e+00  1.20000000e+00  5.37140480e-05  1.20000020e+00 
 2.21500000e-08  7.76230844e-05  1.20326301e+00  1.20000000e+00  1.20000000e+00  1.20000000e+00  1.20000000e+00  3.36093421e-05  1.19999816e+00 
 2.22500000e-08  5.43614790e-05  1.20322596e+00  1.20000000e+00  1.20000000e+00  1.20000000e+00  1.20000000e+00  2.68330497e-05  1.20000056e+00 
 2.23500000e-08  3.86601366e-05  1.20318948e+00  1.20000000e+00  1.20000000e+00  1.20000000e+00  1.20000000e+00  1.59728052e-05  1.19999864e+00 
 2.24500000e-08  2.81141768e-05  1.20315355e+00  1.20000000e+00  1.20000000e+00  1.20000000e+00  1.20000000e+00  1.45447787e-05  1.20000066e+00 
 2.25500000e-08  2.09300554e-05  1.20311815e+00  1.20000000e+00  1.20000000e+00  1.20000000e+00  1.20000000e+00  8.05838709e-06  1.19999891e+00 
 2.26500000e-08  1.60877486e-05  1.20308326e+00  1.20000000e+00  1.20000000e+00  1.20000000e+00  1.20000000e+00  8.81156544e-06  1.20000064e+00 
 2.27500000e-08  1.27313215e-05  1.20304886e+00  1.20000000e+00  1.20000000e+00  1.20000000e+00  1.20000000e+00  4.49618625e-06  1.19999909e+00 
 2.28500000e-08  1.04560453e-05  1.20301493e+00  1.20000000e+00  1.20000000e+00  1.20000000e+00  1.20000000e+00  6.03722525e-06  1.20000058e+00 
 2.29500000e-08  8.82845112e-06  1.20298147e+00  1.20000000e+00  1.20000000e+00  1.20000000e+00  1.20000000e+00  2.88480963e-06  1.19999922e+00 
 2.30500000e-08  7.71552731e-06  1.20294846e+00  1.20000000e+00  1.20000000e+00  1.20000000e+00  1.20000000e+00  4.61064809e-06  1.20000051e+00 
 2.31500000e-08  6.87591671e-06  1.20291588e+00  1.20000000e+00  1.20000000e+00  1.20000000e+00  1.20000000e+00  2.14954580e-06  1.19999933e+00 
 2.32500000e-08  6.29502364e-06  1.20288373e+00  1.20000000e+00  1.20000000e+00  1.20000000e+00  1.20000000e+00  3.80827220e-06  1.20000044e+00 
 2.33500000e-08  5.82047830e-06  1.20285199e+00  1.20000000e+00  1.20000000e+00  1.20000000e+00  1.20000000e+00  1.80882029e-06  1.19999941e+00 
 2.34500000e-08  5.48778038e-06  1.20282065e+00  1.20000000e+00  1.20000000e+00  1.20000000e+00  1.20000000e+00  3.30368082e-06  1.20000037e+00 
 2.35500000e-08  5.18727040e-06  1.20278971e+00  1.20000000e+00  1.20000000e+00  1.20000000e+00  1.20000000e+00  1.64641676e-06  1.19999949e+00 
 2.36500000e-08  4.97417337e-06  1.20275915e+00  1.20000000e+00  1.20000000e+00  1.20000000e+00  1.20000000e+00  2.94841699e-06  1.20000030e+00 
 2.37500000e-08  4.76067266e-06  1.20272897e+00  1.20000000e+00  1.20000000e+00  1.20000000e+00  1.20000000e+00  1.56496480e-06  1.19999955e+00 
 2.38500000e-08  4.60829450e-06  1.20269915e+00  1.20000000e+00  1.20000000e+00  1.20000000e+00  1.20000000e+00  2.67396675e-06  1.20000024e+00 
 2.39500000e-08  4.44156349e-06  1.20266970e+00  1.20000000e+00  1.20000000e+00  1.20000000e+00  1.20000000e+00  1.52041496e-06  1.19999961e+00 
 2.40000000e-08  4.38833229e-06  1.20265510e+00  1.20000000e+00  1.20000000e+00  1.20000000e+00  1.20000000e+00  2.43412629e-06  1.20000016e+00 
 2.40100000e-08 -2.01858715e-05  1.20264134e+00  1.14000000e+00  1.20000000e+00  1.20000000e+00  1.20000000e+00 -1.21923670e-03  1.19767204e+00 
 2.40300000e-08 -6.82627035e-05  1.20261379e+00  1.02000000e+00  1.20000000e+00  1.20000000e+00  1.20000000e+00 -1.53380130e-03  1.19586001e+00 
 2.40700000e-08 -1.46091372e-04  1.20255971e+00  7.80000000e-01  1.20000000e+00  1.20000000e+00  1.20000000e+00 -1.45353575e-03  1.19608089e+00 
 2.41500000e-08 -2.26205026e-04  1.20245594e+00  3.00000000e-01  1.20000000e+00  1.20000000e+00  1.20000000e+00 -1.78759496e-03  1.19622769e+00 
 2.42000000e-08 -2.39176158e-04  1.20239393e+00  0.00000000e+00  1.20000000e+00  1.20000000e+00  1.20000000e+00 -1.04091488e-03  1.19654168e+00 
 2.42100000e-08 -8.82691616e-04  1.20206296e+00  0.00000000e+00  1.14000000e+00  1.20000000e+00  1.20000000e+00 -3.43007634e-05  1.19850875e+00 
 2.42300000e-08 -2.15461118e-03  1.20140306e+00  0.00000000e+00  1.02000000e+00  1.20000000e+00  1.20000000e+00  1.98719994e-04  1.20006088e+00 
 2.42700000e-08 -4.36039101e-03  1.20011444e+00  0.00000000e+00  7.80000000e-01  1.20000000e+00  1.20000000e+00 -1.52744571e-04  1.19992387e+00 
 2.43500000e-08 -7.45284558e-03  1.19765746e+00  0.00000000e+00  3.00000000e-01  1.20000000e+00  1.20000000e+00  1.35371082e-04  1.20007303e+00 
 2.44000000e-08 -8.76390694e-03  1.19619797e+00  0.00000000e+00  1.98507877e-14  1.20000000e+00  1.20000000e+00 -1.12016558e-04  1.19993484e+00 
 2.44100000e-08 -8.75555138e-03  1.19619919e+00  0.00000000e+00  0.00000000e+00  1.20000000e+00  1.20000000e+00 -2.09295360e-05  1.19998919e+00 
 2.44300000e-08 -8.75134218e-03  1.19620587e+00  0.00000000e+00  0.00000000e+00  1.20000000e+00  1.20000000e+00  1.29876659e-05  1.20000800e+00 
 2.44700000e-08 -8.75341983e-03  1.19621871e+00  0.00000000e+00  0.00000000e+00  1.20000000e+00  1.20000000e+00 -1.03390164e-05  1.19999351e+00 
 2.45500000e-08 -8.75016679e-03  1.19624441e+00  0.00000000e+00  0.00000000e+00  1.20000000e+00  1.20000000e+00  9.26338908e-06  1.20000563e+00 
 2.46500000e-08 -8.75086740e-03  1.19627628e+00  0.00000000e+00  0.00000000e+00  1.20000000e+00  1.20000000e+00 -8.43803049e-06  1.19999469e+00 
 2.47500000e-08 -8.74777073e-03  1.19630796e+00  0.00000000e+00  0.00000000e+00  1.20000000e+00  1.20000000e+00  7.73683426e-06  1.20000468e+00 
 2.48500000e-08 -8.74820478e-03  1.19633938e+00  0.00000000e+00  0.00000000e+00  1.20000000e+00  1.20000000e+00 -7.04276123e-06  1.19999556e+00 
 2.49500000e-08 -8.74544560e-03  1.19637060e+00  0.00000000e+00  0.00000000e+00  1.20000000e+00  1.20000000e+00  6.46167836e-06  1.20000389e+00 
 2.50500000e-08 -8.74566037e-03  1.19640159e+00  0.00000000e+00  0.00000000e+00  1.20000000e+00  1.20000000e+00 -5.87745370e-06  1.19999628e+00 
 2.51500000e-08 -8.74318910e-03  1.19643235e+00  0.00000000e+00  0.00000000e+00  1.20000000e+00  1.20000000e+00  5.39680629e-06  1.20000323e+00 
 2.52500000e-08 -8.74322313e-03  1.19646290e+00  0.00000000e+00  0.00000000e+00  1.20000000e+00  1.20000000e+00 -4.90439097e-06  1.19999688e+00 
 2.53500000e-08 -8.74099857e-03  1.19649321e+00  0.00000000e+00  0.00000000e+00  1.20000000e+00  1.20000000e+00  4.50765906e-06  1.20000269e+00 
 2.54500000e-08 -8.74088367e-03  1.19652332e+00  0.00000000e+00  0.00000000e+00  1.20000000e+00  1.20000000e+00 -4.09193422e-06  1.19999738e+00 
 2.55500000e-08 -8.73887120e-03  1.19655318e+00  0.00000000e+00  0.00000000e+00  1.20000000e+00  1.20000000e+00  3.76528794e-06  1.20000223e+00 
 2.56500000e-08 -8.73863382e-03  1.19658285e+00  0.00000000e+00  0.00000000e+00  1.20000000e+00  1.20000000e+00 -3.41360698e-06  1.19999780e+00 
 2.57500000e-08 -8.73680422e-03  1.19661226e+00  0.00000000e+00  0.00000000e+00  1.20000000e+00  1.20000000e+00  3.14548448e-06  1.20000185e+00 
 2.58500000e-08 -8.73646646e-03  1.19664149e+00  0.00000000e+00  0.00000000e+00  1.20000000e+00  1.20000000e+00 -2.84727905e-06  1.19999815e+00 
 2.59500000e-08 -8.73479491e-03  1.19667045e+00  0.00000000e+00  0.00000000e+00  1.20000000e+00  1.20000000e+00  2.62802116e-06  1.20000153e+00 
 2.60500000e-08 -8.73437528e-03  1.19669925e+00  0.00000000e+00  0.00000000e+00  1.20000000e+00  1.20000000e+00 -2.37446386e-06  1.19999844e+00 
 2.61500000e-08 -8.73284069e-03  1.19672777e+00  0.00000000e+00  0.00000000e+00  1.20000000e+00  1.20000000e+00  2.19600368e-06  1.20000126e+00 
 2.62500000e-08 -8.73235469e-03  1.19675613e+00  0.00000000e+00  0.00000000e+00  1.20000000e+00  1.20000000e+00 -1.97972301e-06  1.19999868e+00 
 2.63500000e-08 -8.73093906e-03  1.19678422e+00  0.00000000e+00  0.00000000e+00  1.20000000e+00  1.20000000e+00  1.83532458e-06  1.20000104e+00 
 2.64500000e-08 -8.73039970e-03  1.19681215e+00  0.00000000e+00  0.00000000e+00  1.20000000e+00  1.20000000e+00 -1.65016554e-06  1.19999888e+00 
 2.65500000e-08 -8.72908767e-03  1.19683981e+00  0.00000000e+00  0.00000000e+00  1.20000000e+00  1.20000000e+00  1.53420472e-06  1.20000085e+00 
 2.66500000e-08 -8.72850583e-03  1.19686731e+00  0.00000000e+00  0.00000000e+00  1.20000000e+00  1.20000000e+00 -1.37502837e-06  1.19999905e+00 
 2.67500000e-08 -8.72728426e-03  1.19689454e+00  0.00000000e+00  0.00000000e+00  1.20000000e+00  1.20000000e+00  1.28280951e-06  1.20000070e+00 
 2.68500000e-08 -8.72666907e-03  1.19692162e+00  0.00000000e+00  0.00000000e+00  1.20000000e+00  1.20000000e+00 -1.14532536e-06  1.19999919e+00 
 2.69500000e-08 -8.72552671e-03  1.19694842e+00  0.00000000e+00  0.00000000e+00  1.20000000e+00  1.20000000e+00  1.07292810e-06  1.20000057e+00 
 2.70500000e-08 -8.72488579e-03  1.19697508e+00  0.00000000e+00  0.00000000e+00  1.20000000e+00  1.20000000e+00 -9.53554067e-07  1.19999931e+00 
 2.71500000e-08 -8.72381301e-03  1.19700146e+00  0.00000000e+00  0.00000000e+00  1.20000000e+00  1.20000000e+00  8.97705355e-07  1.20000046e+00 
 2.72500000e-08 -8.72315272e-03  1.19702771e+00  0.00000000e+00  0.00000000e+00  1.20000000e+00  1.20000000e+00 -7.93450857e-07  1.19999941e+00 
 2.73500000e-08 -8.72214123e-03  1.19705367e+00  0.00000000e+00  0.00000000e+00  1.20000000e+00  1.20000000e+00  7.51418110e-07  1.20000037e+00 
 2.74500000e-08 -8.72146687e-03  1.19707950e+00  0.00000000e+00  0.00000000e+00  1.20000000e+00  1.20000000e+00 -6.59786373e-07  1.19999949e+00 
 2.75500000e-08 -8.72050957e-03  1.19710506e+00  0.00000000e+00  0.00000000e+00  1.20000000e+00  1.20000000e+00  6.29288221e-07  1.20000030e+00 
 2.76500000e-08 -8.71982555e-03  1.19713048e+00  0.00000000e+00  0.00000000e+00  1.20000000e+00  1.20000000e+00 -5.48194753e-07  1.19999956e+00 
 2.77500000e-08 -8.71891632e-03  1.19715563e+00  0.00000000e+00  0.00000000e+00  1.20000000e+00  1.20000000e+00  5.27326541e-07  1.20000023e+00 
 2.78500000e-08 -8.71822628e-03  1.19718065e+00  0.00000000e+00  0.00000000e+00  1.20000000e+00  1.20000000e+00 -4.55031062e-07  1.19999962e+00 
 2.79500000e-08 -8.71735986e-03  1.19720539e+00  0.00000000e+00  0.00000000e+00  1.20000000e+00  1.20000000e+00  4.42202641e-07  1.20000018e+00 
 2.80500000e-08 -8.71666681e-03  1.19723001e+00  0.00000000e+00  0.00000000e+00  1.20000000e+00  1.20000000e+00 -3.77252244e-07  1.19999967e+00 
 2.81500000e-08 -8.71583863e-03  1.19725436e+00  0.00000000e+00  0.00000000e+00  1.20000000e+00  1.20000000e+00  3.71136051e-07  1.20000014e+00 
 2.82500000e-08 -8.71514506e-03  1.19727858e+00  0.00000000e+00  0.00000000e+00  1.20000000e+00  1.20000000e+00 -3.12317750e-07  1.19999971e+00 
 2.83500000e-08 -8.71435120e-03  1.19730254e+00  0.00000000e+00  0.00000000e+00  1.20000000e+00  1.20000000e+00  3.11805439e-07  1.20000010e+00 
 2.84500000e-08 -8.71365913e-03  1.19732637e+00  0.00000000e+00  0.00000000e+00  1.20000000e+00  1.20000000e+00 -2.58106546e-07  1.19999974e+00 
 2.85500000e-08 -8.71289619e-03  1.19734994e+00  0.00000000e+00  0.00000000e+00  1.20000000e+00  1.20000000e+00  2.62272788e-07  1.20000007e+00 
 2.86500000e-08 -8.71220727e-03  1.19737339e+00  0.00000000e+00  0.00000000e+00  1.20000000e+00  1.20000000e+00 -2.12847850e-07  1.19999977e+00 
 2.87500000e-08 -8.71147228e-03  1.19739657e+00  0.00000000e+00  0.00000000e+00  1.20000000e+00  1.20000000e+00  2.20920121e-07  1.20000005e+00 
 2.88500000e-08 -8.71078785e-03  1.19741964e+00  0.00000000e+00  0.00000000e+00  1.20000000e+00  1.20000000e+00 -1.75063290e-07  1.19999979e+00 
 2.89500000e-08 -8.71007825e-03  1.19744244e+00  0.00000000e+00  0.00000000e+00  1.20000000e+00  1.20000000e+00  1.86396632e-07  1.20000002e+00 
 2.90500000e-08 -8.70939936e-03  1.19746513e+00  0.00000000e+00  0.00000000e+00  1.20000000e+00  1.20000000e+00 -1.43518625e-07  1.19999981e+00 
 2.91500000e-08 -8.70871291e-03  1.19748757e+00  0.00000000e+00  0.00000000e+00  1.20000000e+00  1.20000000e+00  1.57574581e-07  1.20000001e+00 
 2.92500000e-08 -8.70804043e-03  1.19750989e+00  0.00000000e+00  0.00000000e+00  1.20000000e+00  1.20000000e+00 -1.17183420e-07  1.19999983e+00 
 2.93500000e-08 -8.70737517e-03  1.19753195e+00  0.00000000e+00  0.00000000e+00  1.20000000e+00  1.20000000e+00  1.33512450e-07  1.19999999e+00 
 2.94500000e-08 -8.70670975e-03  1.19755390e+00  0.00000000e+00  0.00000000e+00  1.20000000e+00  1.20000000e+00 -9.51974126e-08  1.19999984e+00 
 2.95500000e-08 -8.70606396e-03  1.19757560e+00  0.00000000e+00  0.00000000e+00  1.20000000e+00  1.20000000e+00  1.13424216e-07  1.19999998e+00 
 2.96500000e-08 -8.70540611e-03  1.19759719e+00  0.00000000e+00  0.00000000e+00  1.20000000e+00  1.20000000e+00 -7.68423967e-08  1.19999985e+00 
 2.97500000e-08 -8.70477830e-03  1.19761853e+00  0.00000000e+00  0.00000000e+00  1.20000000e+00  1.20000000e+00  9.66536398e-08  1.19999997e+00 
 2.98500000e-08 -8.70412839e-03  1.19763977e+00  0.00000000e+00  0.00000000e+00  1.20000000e+00  1.20000000e+00 -6.15187606e-08  1.19999986e+00 
 2.99500000e-08 -8.70351722e-03  1.19766075e+00  0.00000000e+00  0.00000000e+00  1.20000000e+00  1.20000000e+00  8.26528543e-08  1.19999996e+00 
 3.00500000e-08 -8.70287553e-03  1.19768164e+00  0.00000000e+00  0.00000000e+00  1.20000000e+00  1.20000000e+00 -4.87259155e-08  1.19999987e+00 
 3.01500000e-08 -8.70227983e-03  1.19770227e+00  0.00000000e+00  0.00000000e+00  1.20000000e+00  1.20000000e+00  7.09644664e-08  1.19999995e+00 
 3.02500000e-08 -8.70164654e-03  1.19772281e+00  0.00000000e+00  0.00000000e+00  1.20000000e+00  1.20000000e+00 -3.80459375e-08  1.19999988e+00 
 3.03500000e-08 -8.70106529e-03  1.19774310e+00  0.00000000e+00  0.00000000e+00  1.20000000e+00  1.20000000e+00  6.12066212e-08  1.19999995e+00 
 3.04500000e-08 -8.70044051e-03  1.19776329e+00  0.00000000e+00  0.00000000e+00  1.20000000e+00  1.20000000e+00 -2.91299233e-08  1.19999988e+00 
 3.05500000e-08 -8.69987276e-03  1.19778325e+00  0.00000000e+00  0.00000000e+00  1.20000000e+00  1.20000000e+00  5.30605183e-08  1.19999994e+00 
 3.06500000e-08 -8.69925655e-03  1.19780310e+00  0.00000000e+00  0.00000000e+00  1.20000000e+00  1.20000000e+00 -2.16865784e-08  1.19999989e+00 
 3.07500000e-08 -8.69870149e-03  1.19782272e+00  0.00000000e+00  0.00000000e+00  1.20000000e+00  1.20000000e+00  4.62600000e-08  1.19999994e+00 
 3.08500000e-08 -8.69809385e-03  1.19784224e+00  0.00000000e+00  0.00000000e+00  1.20000000e+00  1.20000000e+00 -1.54727161e-08  1.19999989e+00 
 3.09500000e-08 -8.69755075e-03  1.19786153e+00  0.00000000e+00  0.00000000e+00  1.20000000e+00  1.20000000e+00  4.05828678e-08  1.19999993e+00 
 3.10500000e-08 -8.69695164e-03  1.19788072e+00  0.00000000e+00  0.00000000e+00  1.20000000e+00  1.20000000e+00 -1.02853078e-08  1.19999989e+00 
 3.11500000e-08 -8.69641982e-03  1.19789968e+00  0.00000000e+00  0.00000000e+00  1.20000000e+00  1.20000000e+00  3.58436143e-08  1.19999993e+00 
 3.12500000e-08 -8.69582918e-03  1.19791855e+00  0.00000000e+00  0.00000000e+00  1.20000000e+00  1.20000000e+00 -5.95486118e-09  1.19999990e+00 
 3.13500000e-08 -8.69530805e-03  1.19793720e+00  0.00000000e+00  0.00000000e+00  1.20000000e+00  1.20000000e+00  3.18873679e-08  1.19999993e+00 
 3.14500000e-08 -8.69472579e-03  1.19795575e+00  0.00000000e+00  0.00000000e+00  1.20000000e+00  1.20000000e+00 -2.33986100e-09  1.19999990e+00 
 3.15500000e-08 -8.69421480e-03  1.19797407e+00  0.00000000e+00  0.00000000e+00  1.20000000e+00  1.20000000e+00  2.85848326e-08  1.19999993e+00 
 3.16500000e-08 -8.69364080e-03  1.19799231e+00  0.00000000e+00  0.00000000e+00  1.20000000e+00  1.20000000e+00  6.77825648e-10  1.19999990e+00 
 3.17500000e-08 -8.69313948e-03  1.19801033e+00  0.00000000e+00  0.00000000e+00  1.20000000e+00  1.20000000e+00  2.58280672e-08  1.19999992e+00 
 3.18500000e-08 -8.69257361e-03  1.19802825e+00  0.00000000e+00  0.00000000e+00  1.20000000e+00  1.20000000e+00  3.19682476e-09  1.19999990e+00 
 3.19500000e-08 -8.69208150e-03  1.19804596e+00  0.00000000e+00  0.00000000e+00  1.20000000e+00  1.20000000e+00  2.35269562e-08  1.19999992e+00 
 3.20500000e-08 -8.69152363e-03  1.19806359e+00  0.00000000e+00  0.00000000e+00  1.20000000e+00  1.20000000e+00  5.29948329e-09  1.19999990e+00 
 3.21500000e-08 -8.69104031e-03  1.19808099e+00  0.00000000e+00  0.00000000e+00  1.20000000e+00  1.20000000e+00  2.16062587e-08  1.19999992e+00 
 3.22500000e-08 -8.69049029e-03  1.19809831e+00  0.00000000e+00  0.00000000e+00  1.20000000e+00  1.20000000e+00  7.05454286e-09  1.19999991e+00 
 3.23500000e-08 -8.69001540e-03  1.19811542e+00  0.00000000e+00  0.00000000e+00  1.20000000e+00  1.20000000e+00  2.00031652e-08  1.19999992e+00 
 3.24500000e-08 -8.68947307e-03  1.19813245e+00  0.00000000e+00  0.00000000e+00  1.20000000e+00  1.20000000e+00  8.51939415e-09  1.19999991e+00 
 3.25500000e-08 -8.68900626e-03  1.19814927e+00  0.00000000e+00  0.00000000e+00  1.20000000e+00  1.20000000e+00  1.86652367e-08  1.19999992e+00 
 3.26500000e-08 -8.68847146e-03  1.19816600e+00  0.00000000e+00  0.00000000e+00  1.20000000e+00  1.20000000e+00  9.74194992e-09  1.19999991e+00 
 3.27500000e-08 -8.68801242e-03  1.19818253e+00  0.00000000e+00  0.00000000e+00  1.20000000e+00  1.20000000e+00  1.75487017e-08  1.19999992e+00 
 3.28500000e-08 -8.68748499e-03  1.19819898e+00  0.00000000e+00  0.00000000e+00  1.20000000e+00  1.20000000e+00  1.07622070e-08  1.19999991e+00 
 3.29500000e-08 -8.68703341e-03  1.19821522e+00  0.00000000e+00  0.00000000e+00  1.20000000e+00  1.20000000e+00  1.66170071e-08  1.19999992e+00 
 3.30500000e-08 -8.68651319e-03  1.19823139e+00  0.00000000e+00  0.00000000e+00  1.20000000e+00  1.20000000e+00  1.16135649e-08  1.19999991e+00 
 3.31500000e-08 -8.68606880e-03  1.19824735e+00  0.00000000e+00  0.00000000e+00  1.20000000e+00  1.20000000e+00  1.58396389e-08  1.19999992e+00 
 3.32500000e-08 -8.68555563e-03  1.19826324e+00  0.00000000e+00  0.00000000e+00  1.20000000e+00  1.20000000e+00  1.23238995e-08  1.19999991e+00 
 3.33500000e-08 -8.68511817e-03  1.19827892e+00  0.00000000e+00  0.00000000e+00  1.20000000e+00  1.20000000e+00  1.51911288e-08  1.19999992e+00 
 3.34500000e-08 -8.68461189e-03  1.19829454e+00  0.00000000e+00  0.00000000e+00  1.20000000e+00  1.20000000e+00  1.29164886e-08  1.19999991e+00 
 3.35500000e-08 -8.68418112e-03  1.19830996e+00  0.00000000e+00  0.00000000e+00  1.20000000e+00  1.20000000e+00  1.46502052e-08  1.19999992e+00 
 3.36500000e-08 -8.68368157e-03  1.19832530e+00  0.00000000e+00  0.00000000e+00  1.20000000e+00  1.20000000e+00  1.34107588e-08  1.19999991e+00 
 3.37500000e-08 -8.68325727e-03  1.19834045e+00  0.00000000e+00  0.00000000e+00  1.20000000e+00  1.20000000e+00  1.41991192e-08  1.19999992e+00 
 3.38500000e-08 -8.68276429e-03  1.19835553e+00  0.00000000e+00  0.00000000e+00  1.20000000e+00  1.20000000e+00  1.38229386e-08  1.19999991e+00 
 3.39500000e-08 -8.68234624e-03  1.19837042e+00  0.00000000e+00  0.00000000e+00  1.20000000e+00  1.20000000e+00  1.38230421e-08  1.19999992e+00 
 3.40500000e-08 -8.68185968e-03  1.19838523e+00  0.00000000e+00  0.00000000e+00  1.20000000e+00  1.20000000e+00  1.41665693e-08  1.19999991e+00 
 3.41500000e-08 -8.68144769e-03  1.19839986e+00  0.00000000e+00  0.00000000e+00  1.20000000e+00  1.20000000e+00  1.35096015e-08  1.19999992e+00 
 3.42500000e-08 -8.68096740e-03  1.19841442e+00  0.00000000e+00  0.00000000e+00  1.20000000e+00  1.20000000e+00  1.44529586e-08  1.19999991e+00 
 3.43500000e-08 -8.68056127e-03  1.19842880e+00  0.00000000e+00  0.00000000e+00  1.20000000e+00  1.20000000e+00  1.32484672e-08  1.19999992e+00 
 3.44500000e-08 -8.68008710e-03  1.19844311e+00  0.00000000e+00  0.00000000e+00  1.20000000e+00  1.20000000e+00  1.46915436e-08  1.19999991e+00 
 3.45500000e-08 -8.67968666e-03  1.19845723e+00  0.00000000e+00  0.00000000e+00  1.20000000e+00  1.20000000e+00  1.30310147e-08  1.19999992e+00 
 3.46500000e-08 -8.67921847e-03  1.19847129e+00  0.00000000e+00  0.00000000e+00  1.20000000e+00  1.20000000e+00  1.48902075e-08  1.19999991e+00 
 3.47500000e-08 -8.67882355e-03  1.19848516e+00  0.00000000e+00  0.00000000e+00  1.20000000e+00  1.20000000e+00  1.28500400e-08  1.19999992e+00 
 3.48500000e-08 -8.67836120e-03  1.19849898e+00  0.00000000e+00  0.00000000e+00  1.20000000e+00  1.20000000e+00  1.50555330e-08  1.19999991e+00 
 3.49500000e-08 -8.67797164e-03  1.19851261e+00  0.00000000e+00  0.00000000e+00  1.20000000e+00  1.20000000e+00  1.26995304e-08  1.19999992e+00 
 3.50500000e-08 -8.67751499e-03  1.19852619e+00  0.00000000e+00  0.00000000e+00  1.20000000e+00  1.20000000e+00  1.51930102e-08  1.19999991e+00 
 3.51500000e-08 -8.67713063e-03  1.19853958e+00  0.00000000e+00  0.00000000e+00  1.20000000e+00  1.20000000e+00  1.25744671e-08  1.19999992e+00 
 3.52500000e-08 -8.67667956e-03  1.19855292e+00  0.00000000e+00  0.00000000e+00  1.20000000e+00  1.20000000e+00  1.53072283e-08  1.19999991e+00 
 3.53500000e-08 -8.67630026e-03  1.19856608e+00  0.00000000e+00  0.00000000e+00  1.20000000e+00  1.20000000e+00  1.24706650e-08  1.19999992e+00 
 3.54500000e-08 -8.67585462e-03  1.19857918e+00  0.00000000e+00  0.00000000e+00  1.20000000e+00  1.20000000e+00  1.54020092e-08  1.19999991e+00 
 3.55500000e-08 -8.67548025e-03  1.19859211e+00  0.00000000e+00  0.00000000e+00  1.20000000e+00  1.20000000e+00  1.23846202e-08  1.19999992e+00 
 3.56500000e-08 -8.67503993e-03  1.19860498e+00  0.00000000e+00  0.00000000e+00  1.20000000e+00  1.20000000e+00  1.54805566e-08  1.19999991e+00 
 3.57500000e-08 -8.67467034e-03  1.19861769e+00  0.00000000e+00  0.00000000e+00  1.20000000e+00  1.20000000e+00  1.23134148e-08  1.19999991e+00 
 3.58500000e-08 -8.67423521e-03  1.19863033e+00  0.00000000e+00  0.00000000e+00  1.20000000e+00  1.20000000e+00  1.55455378e-08  1.19999991e+00 
 3.59500000e-08 -8.67387029e-03  1.19864281e+00  0.00000000e+00  0.00000000e+00  1.20000000e+00  1.20000000e+00  1.22546038e-08  1.19999991e+00 
 3.60500000e-08 -8.67344024e-03  1.19865524e+00  0.00000000e+00  0.00000000e+00  1.20000000e+00  1.20000000e+00  1.55991830e-08  1.19999991e+00 
 3.61500000e-08 -8.67307986e-03  1.19866750e+00  0.00000000e+00  0.00000000e+00  1.20000000e+00  1.20000000e+00  1.22061577e-08  1.19999991e+00 
 3.62500000e-08 -8.67265477e-03  1.19867970e+00  0.00000000e+00  0.00000000e+00  1.20000000e+00  1.20000000e+00  1.56433490e-08  1.19999991e+00 
 3.63500000e-08 -8.67229881e-03  1.19869174e+00  0.00000000e+00  0.00000000e+00  1.20000000e+00  1.20000000e+00  1.21663749e-08  1.19999991e+00 
 3.64500000e-08 -8.67187858e-03  1.19870374e+00  0.00000000e+00  0.00000000e+00  1.20000000e+00  1.20000000e+00  1.56795890e-08  1.19999991e+00 
 3.65500000e-08 -8.67152694e-03  1.19871557e+00  0.00000000e+00  0.00000000e+00  1.20000000e+00  1.20000000e+00  1.21338368e-08  1.19999991e+00 
 3.66500000e-08 -8.67111145e-03  1.19872735e+00  0.00000000e+00  0.00000000e+00  1.20000000e+00  1.20000000e+00  1.57092054e-08  1.19999991e+00 
 3.67500000e-08 -8.67076401e-03  1.19873897e+00  0.00000000e+00  0.00000000e+00  1.20000000e+00  1.20000000e+00  1.21073543e-08  1.19999991e+00 
 3.68500000e-08 -8.67035317e-03  1.19875054e+00  0.00000000e+00  0.00000000e+00  1.20000000e+00  1.20000000e+00  1.57332763e-08  1.19999991e+00 
 3.69500000e-08 -8.67000983e-03  1.19876195e+00  0.00000000e+00  0.00000000e+00  1.20000000e+00  1.20000000e+00  1.20859412e-08  1.19999991e+00 
 3.70500000e-08 -8.66960352e-03  1.19877332e+00  0.00000000e+00  0.00000000e+00  1.20000000e+00  1.20000000e+00  1.57527080e-08  1.19999991e+00 
 3.71500000e-08 -8.66926419e-03  1.19878453e+00  0.00000000e+00  0.00000000e+00  1.20000000e+00  1.20000000e+00  1.20687713e-08  1.19999991e+00 
 3.72500000e-08 -8.66886233e-03  1.19879570e+00  0.00000000e+00  0.00000000e+00  1.20000000e+00  1.20000000e+00  1.57682555e-08  1.19999991e+00 
 3.73500000e-08 -8.66852690e-03  1.19880671e+00  0.00000000e+00  0.00000000e+00  1.20000000e+00  1.20000000e+00  1.20551500e-08  1.19999991e+00 
 3.74500000e-08 -8.66812939e-03  1.19881768e+00  0.00000000e+00  0.00000000e+00  1.20000000e+00  1.20000000e+00  1.57805537e-08  1.19999991e+00 
 3.75500000e-08 -8.66779777e-03  1.19882850e+00  0.00000000e+00  0.00000000e+00  1.20000000e+00  1.20000000e+00  1.20445045e-08  1.19999991e+00 
 3.76500000e-08 -8.66740452e-03  1.19883928e+00  0.00000000e+00  0.00000000e+00  1.20000000e+00  1.20000000e+00  1.57901214e-08  1.19999991e+00 
 3.77500000e-08 -8.66707663e-03  1.19884990e+00  0.00000000e+00  0.00000000e+00  1.20000000e+00  1.20000000e+00  1.20363534e-08  1.19999991e+00 
 3.78500000e-08 -8.66668755e-03  1.19886048e+00  0.00000000e+00  0.00000000e+00  1.20000000e+00  1.20000000e+00  1.57974067e-08  1.19999991e+00 
 3.79500000e-08 -8.66636330e-03  1.19887092e+00  0.00000000e+00  0.00000000e+00  1.20000000e+00  1.20000000e+00  1.20302923e-08  1.19999991e+00 
 3.80500000e-08 -8.66597830e-03  1.19888132e+00  0.00000000e+00  0.00000000e+00  1.20000000e+00  1.20000000e+00  1.58027732e-08  1.19999991e+00 
 3.81500000e-08 -8.66565761e-03  1.19889157e+00  0.00000000e+00  0.00000000e+00  1.20000000e+00  1.20000000e+00  1.20259871e-08  1.19999991e+00 
 3.82500000e-08 -8.66527661e-03  1.19890178e+00  0.00000000e+00  0.00000000e+00  1.20000000e+00  1.20000000e+00  1.58065275e-08  1.19999991e+00 
 3.83500000e-08 -8.66495939e-03  1.19891184e+00  0.00000000e+00  0.00000000e+00  1.20000000e+00  1.20000000e+00  1.20231588e-08  1.19999991e+00 
 3.84500000e-08 -8.66458231e-03  1.19892187e+00  0.00000000e+00  0.00000000e+00  1.20000000e+00  1.20000000e+00  1.58089241e-08  1.19999991e+00 
 3.85500000e-08 -8.66426850e-03  1.19893176e+00  0.00000000e+00  0.00000000e+00  1.20000000e+00  1.20000000e+00  1.20215699e-08  1.19999991e+00 
 3.86500000e-08 -8.66389526e-03  1.19894161e+00  0.00000000e+00  0.00000000e+00  1.20000000e+00  1.20000000e+00  1.58101837e-08  1.19999991e+00 
 3.87500000e-08 -8.66358477e-03  1.19895132e+00  0.00000000e+00  0.00000000e+00  1.20000000e+00  1.20000000e+00  1.20210271e-08  1.19999991e+00 
 3.88500000e-08 -8.66321529e-03  1.19896099e+00  0.00000000e+00  0.00000000e+00  1.20000000e+00  1.20000000e+00  1.58104815e-08  1.19999991e+00 
 3.89500000e-08 -8.66290805e-03  1.19897053e+00  0.00000000e+00  0.00000000e+00  1.20000000e+00  1.20000000e+00  1.20213618e-08  1.19999991e+00 
 3.90500000e-08 -8.66254226e-03  1.19898003e+00  0.00000000e+00  0.00000000e+00  1.20000000e+00  1.20000000e+00  1.58099687e-08  1.19999991e+00 
 3.91500000e-08 -8.66223821e-03  1.19898940e+00  0.00000000e+00  0.00000000e+00  1.20000000e+00  1.20000000e+00  1.20224416e-08  1.19999991e+00 
 3.92500000e-08 -8.66187604e-03  1.19899873e+00  0.00000000e+00  0.00000000e+00  1.20000000e+00  1.20000000e+00  1.58087682e-08  1.19999991e+00 
 3.93500000e-08 -8.66157510e-03  1.19900793e+00  0.00000000e+00  0.00000000e+00  1.20000000e+00  1.20000000e+00  1.20241495e-08  1.19999991e+00 
 3.94500000e-08 -8.66121648e-03  1.19901709e+00  0.00000000e+00  0.00000000e+00  1.20000000e+00  1.20000000e+00  1.58069911e-08  1.19999991e+00 
 3.95500000e-08 -8.66091859e-03  1.19902612e+00  0.00000000e+00  0.00000000e+00  1.20000000e+00  1.20000000e+00  1.20263889e-08  1.19999991e+00 
 3.96500000e-08 -8.66056344e-03  1.19903513e+00  0.00000000e+00  0.00000000e+00  1.20000000e+00  1.20000000e+00  1.58047195e-08  1.19999991e+00 
 3.97500000e-08 -8.66026854e-03  1.19904400e+00  0.00000000e+00  0.00000000e+00  1.20000000e+00  1.20000000e+00  1.20290821e-08  1.19999991e+00 
 3.98500000e-08 -8.65991681e-03  1.19905284e+00  0.00000000e+00  0.00000000e+00  1.20000000e+00  1.20000000e+00  1.58020259e-08  1.19999991e+00 
 3.99500000e-08 -8.65962483e-03  1.19906155e+00  0.00000000e+00  0.00000000e+00  1.20000000e+00  1.20000000e+00  1.20321641e-08  1.19999991e+00 
 3.99990000e-08 -8.65943924e-03  1.19906582e+00  0.00000000e+00  0.00000000e+00  1.20000000e+00  1.20000000e+00  1.57971829e-08  1.19999991e+00 
 3.99991000e-08 -8.69880815e-03  1.19901690e+00  0.00000000e+00  0.00000000e+00  1.08000000e+00  1.20000000e+00 -1.51204779e-06  1.19999823e+00 
 3.99993000e-08 -8.78467509e-03  1.19891057e+00  0.00000000e+00  0.00000000e+00  8.40000000e-01  1.20000000e+00 -3.17147031e-06  1.19999651e+00 
 3.99997000e-08 -9.00175682e-03  1.19860784e+00  0.00000000e+00  0.00000000e+00  3.60000000e-01  1.20000000e+00 -3.94724212e-06  1.19999545e+00 
 4.00000000e-08 -9.16492758e-03  1.19835069e+00  0.00000000e+00  0.00000000e+00  0.00000000e+00  1.20000000e+00 -3.24579298e-06  1.19999594e+00 
 4.00000800e-08 -9.15389708e-03  1.19834508e+00  0.00000000e+00  0.00000000e+00  0.00000000e+00  1.20000000e+00 -8.15343854e-07  1.19999853e+00 
 4.00002400e-08 -9.12404487e-03  1.19834435e+00  0.00000000e+00  0.00000000e+00  0.00000000e+00  1.20000000e+00  2.14831358e-06  1.20000156e+00 
 4.00005600e-08 -9.06263720e-03  1.19834562e+00  0.00000000e+00  0.00000000e+00  0.00000000e+00  1.20000000e+00  2.37122706e-06  1.20000143e+00 
 4.00012000e-08 -8.94171951e-03  1.19834544e+00  0.00000000e+00  0.00000000e+00  0.00000000e+00  1.20000000e+00  1.61106433e-06  1.20000085e+00 
 4.00024800e-08 -8.69823173e-03  1.19834758e+00  0.00000000e+00  0.00000000e+00  0.00000000e+00  1.20000000e+00  1.00756467e-06  1.20000057e+00 
 4.00050400e-08 -8.21311925e-03  1.19834934e+00  0.00000000e+00  0.00000000e+00  0.00000000e+00  1.20000000e+00  2.15736615e-07  1.20000000e+00 
 4.00101600e-08 -7.24155396e-03  1.19835513e+00  0.00000000e+00  0.00000000e+00  0.00000000e+00  1.20000000e+00  4.91155143e-08  1.19999997e+00 
 4.00204000e-08 -5.30065939e-03  1.19836417e+00  0.00000000e+00  0.00000000e+00  0.00000000e+00  1.20000000e+00 -3.00587221e-08  1.19999985e+00 
 4.00408800e-08 -1.41923786e-03  1.19838444e+00  0.00000000e+00  0.00000000e+00  0.00000000e+00  1.20000000e+00  6.04601694e-08  1.19999998e+00 
 4.00818400e-08  6.33386572e-03  1.19842193e+00  0.00000000e+00  0.00000000e+00  0.00000000e+00  1.20000000e+00 -3.06011851e-08  1.19999985e+00 
 4.01637600e-08  2.18092307e-02  1.19849658e+00  0.00000000e+00  0.00000000e+00  0.00000000e+00  1.20000000e+00  6.31177793e-08  1.19999998e+00 
 4.02637600e-08  4.06394880e-02  1.19858130e+00  0.00000000e+00  0.00000000e+00  0.00000000e+00  1.20000000e+00 -2.90395771e-08  1.19999985e+00 
 4.03637600e-08  5.94048549e-02  1.19866274e+00  0.00000000e+00  0.00000000e+00  0.00000000e+00  1.20000000e+00  6.45971325e-08  1.19999998e+00 
 4.04637600e-08  7.81020026e-02  1.19873801e+00  0.00000000e+00  0.00000000e+00  0.00000000e+00  1.20000000e+00 -2.85896419e-08  1.19999985e+00 
 4.05637600e-08  9.67322855e-02  1.19881054e+00  0.00000000e+00  0.00000000e+00  0.00000000e+00  1.20000000e+00  6.51932692e-08  1.19999998e+00 
 4.06637600e-08  1.15292242e-01  1.19887742e+00  0.00000000e+00  0.00000000e+00  0.00000000e+00  1.20000000e+00 -2.84428574e-08  1.19999985e+00 
 4.07637600e-08  1.33783129e-01  1.19894203e+00  0.00000000e+00  0.00000000e+00  0.00000000e+00  1.20000000e+00  6.55413838e-08  1.19999998e+00 
 4.08637600e-08  1.52201337e-01  1.19900143e+00  0.00000000e+00  0.00000000e+00  0.00000000e+00  1.20000000e+00 -2.83229767e-08  1.19999985e+00 
 4.09637600e-08  1.70548013e-01  1.19905899e+00  0.00000000e+00  0.00000000e+00  0.00000000e+00  1.20000000e+00  6.57883614e-08  1.19999998e+00 
 4.10637600e-08  1.88819379e-01  1.19911174e+00  0.00000000e+00  0.00000000e+00  0.00000000e+00  1.20000000e+00 -2.81768316e-08  1.19999985e+00 
 4.11637600e-08  2.07016457e-01  1.19916303e+00  0.00000000e+00  0.00000000e+00  0.00000000e+00  1.20000000e+00  6.59751981e-08  1.19999998e+00 
 4.12637600e-08  2.25135283e-01  1.19920987e+00  0.00000000e+00  0.00000000e+00  0.00000000e+00  1.20000000e+00 -2.79978671e-08  1.19999985e+00 
 4.13637600e-08  2.43176733e-01  1.19925557e+00  0.00000000e+00  0.00000000e+00  0.00000000e+00  1.20000000e+00  6.61179041e-08  1.19999998e+00 
 4.14637600e-08  2.61136635e-01  1.19929715e+00  0.00000000e+00  0.00000000e+00  0.00000000e+00  1.20000000e+00 -2.77895436e-08  1.19999985e+00 
 4.15637600e-08  2.79015702e-01  1.19933789e+00  0.00000000e+00  0.00000000e+00  0.00000000e+00  1.20000000e+00  6.62252386e-08  1.19999998e+00 
 4.16637600e-08  2.96809529e-01  1.19937478e+00  0.00000000e+00  0.00000000e+00  0.00000000e+00  1.20000000e+00 -2.75571477e-08  1.19999985e+00 
 4.17637600e-08  3.14518642e-01  1.19941111e+00  0.00000000e+00  0.00000000e+00  0.00000000e+00  1.20000000e+00  6.63032299e-08  1.19999998e+00 
 4.18637600e-08  3.32138375e-01  1.19944385e+00  0.00000000e+00  0.00000000e+00  0.00000000e+00  1.20000000e+00 -2.73058037e-08  1.19999985e+00 
 4.19637600e-08  3.49669036e-01  1.19947625e+00  0.00000000e+00  0.00000000e+00  0.00000000e+00  1.20000000e+00  6.63565086e-08  1.19999998e+00 
 4.20637600e-08  3.67105660e-01  1.19950531e+00  0.00000000e+00  0.00000000e+00  0.00000000e+00  1.20000000e+00 -2.70400457e-08  1.19999985e+00 
 4.21637600e-08  3.84448292e-01  1.19953427e+00  0.00000000e+00  0.00000000e+00  0.00000000e+00  1.20000000e+00  6.63887813e-08  1.19999998e+00 
 4.22637600e-08  4.01691604e-01  1.19956011e+00  0.00000000e+00  0.00000000e+00  0.00000000e+00  1.20000000e+00 -2.67637940e-08  1.19999985e+00 
 4.23637600e-08  4.18835302e-01  1.19958610e+00  0.00000000e+00  0.00000000e+00  0.00000000e+00  1.20000000e+00  6.64029878e-08  1.19999998e+00 
 4.24637600e-08  4.35873566e-01  1.19960926e+00  0.00000000e+00  0.00000000e+00  0.00000000e+00  1.20000000e+00 -2.64806041e-08  1.19999985e+00 
 4.25637600e-08  4.52805558e-01  1.19963293e+00  0.00000000e+00  0.00000000e+00  0.00000000e+00  1.20000000e+00  6.64011628e-08  1.19999998e+00 
 4.26637600e-08  4.69624649e-01  1.19965427e+00  0.00000000e+00  0.00000000e+00  0.00000000e+00  1.20000000e+00 -2.61940893e-08  1.19999985e+00 
 4.27637600e-08  4.86329005e-01  1.19967682e+00  0.00000000e+00  0.00000000e+00  0.00000000e+00  1.20000000e+00  6.63841705e-08  1.19999997e+00 
 4.28637600e-08  5.02910588e-01  1.19969808e+00  0.00000000e+00  0.00000000e+00  0.00000000e+00  1.20000000e+00 -2.59081608e-08  1.19999985e+00 
 4.29637600e-08  5.19365908e-01  1.19972205e+00  0.00000000e+00  0.00000000e+00  0.00000000e+00  1.20000000e+00  6.63521845e-08  1.19999997e+00 
 4.30637600e-08  5.35685012e-01  1.19974675e+00  0.00000000e+00  0.00000000e+00  0.00000000e+00  1.20000000e+00 -2.56256485e-08  1.19999985e+00 
 4.31637600e-08  5.51862756e-01  1.19977674e+00  0.00000000e+00  0.00000000e+00  0.00000000e+00  1.20000000e+00  6.63076191e-08  1.19999997e+00 
 4.32637600e-08  5.67888275e-01  1.19981044e+00  0.00000000e+00  0.00000000e+00  0.00000000e+00  1.20000000e+00 -2.53439894e-08  1.19999985e+00 
 4.33637600e-08  5.83757790e-01  1.19985217e+00  0.00000000e+00  0.00000000e+00  0.00000000e+00  1.20000000e+00  6.62626753e-08  1.19999997e+00 
 4.34637600e-08  5.99467520e-01  1.19989789e+00  0.00000000e+00  0.00000000e+00  0.00000000e+00  1.20000000e+00 -2.50357377e-08  1.19999985e+00 
 4.35637600e-08  6.15031261e-01  1.19994460e+00  0.00000000e+00  0.00000000e+00  0.00000000e+00  1.20000000e+00  6.62708360e-08  1.19999997e+00 
 4.36637600e-08  6.30461221e-01  1.19998026e+00  0.00000000e+00  0.00000000e+00  0.00000000e+00  1.20000000e+00 -2.47044210e-08  1.19999985e+00 
 4.37637600e-08  6.45758627e-01  1.20000573e+00  0.00000000e+00  0.00000000e+00  0.00000000e+00  1.20000000e+00  6.61925153e-08  1.19999997e+00 
 4.38637600e-08  6.60903831e-01  1.20002286e+00  0.00000000e+00  0.00000000e+00  0.00000000e+00  1.20000000e+00 -2.44582767e-08  1.19999985e+00 
 4.39637600e-08  6.75885638e-01  1.20003893e+00  0.00000000e+00  0.00000000e+00  0.00000000e+00  1.20000000e+00  6.61192126e-08  1.19999997e+00 
 4.40637600e-08  6.90692682e-01  1.20005216e+00  0.00000000e+00  0.00000000e+00  0.00000000e+00  1.20000000e+00 -2.41846762e-08  1.19999985e+00 
 4.41637600e-08  7.05321567e-01  1.20006594e+00  0.00000000e+00  0.00000000e+00  0.00000000e+00  1.20000000e+00  6.60529564e-08  1.19999997e+00 
 4.42637600e-08  7.19763150e-01  1.20007722e+00  0.00000000e+00  0.00000000e+00  0.00000000e+00  1.20000000e+00 -2.39139610e-08  1.19999985e+00 
 4.43637600e-08  7.34014343e-01  1.20008916e+00  0.00000000e+00  0.00000000e+00  0.00000000e+00  1.20000000e+00  6.59830843e-08  1.19999997e+00 
 4.44637600e-08  7.48065928e-01  1.20009865e+00  0.00000000e+00  0.00000000e+00  0.00000000e+00  1.20000000e+00 -2.36484551e-08  1.19999985e+00 
 4.45637600e-08  7.61914817e-01  1.20010881e+00  0.00000000e+00  0.00000000e+00  0.00000000e+00  1.20000000e+00  6.59099364e-08  1.19999997e+00 
 4.46637600e-08  7.75551765e-01  1.20011653e+00  0.00000000e+00  0.00000000e+00  0.00000000e+00  1.20000000e+00 -2.33883701e-08  1.19999985e+00 
 4.47637600e-08  7.88973776e-01  1.20012495e+00  0.00000000e+00  0.00000000e+00  0.00000000e+00  1.20000000e+00  6.58339807e-08  1.19999997e+00 
 4.48637600e-08  8.02171700e-01  1.20013097e+00  0.00000000e+00  0.00000000e+00  0.00000000e+00  1.20000000e+00 -2.31336927e-08  1.19999985e+00 
 4.49637600e-08  8.15142764e-01  1.20013774e+00  0.00000000e+00  0.00000000e+00  0.00000000e+00  1.20000000e+00  6.57557109e-08  1.19999997e+00 
 4.50637600e-08  8.27878081e-01  1.20014221e+00  0.00000000e+00  0.00000000e+00  0.00000000e+00  1.20000000e+00 -2.28842106e-08  1.19999985e+00 
 4.51637600e-08  8.40375276e-01  1.20014753e+00  0.00000000e+00  0.00000000e+00  0.00000000e+00  1.20000000e+00  6.56756136e-08  1.19999997e+00 
 4.52637600e-08  8.52625921e-01  1.20015064e+00  0.00000000e+00  0.00000000e+00  0.00000000e+00  1.20000000e+00 -2.26395590e-08  1.19999985e+00 
 4.53637600e-08  8.64628224e-01  1.20015471e+00  0.00000000e+00  0.00000000e+00  0.00000000e+00  1.20000000e+00  6.55941228e-08  1.19999997e+00 
 4.54637600e-08  8.76374412e-01  1.20015669e+00  0.00000000e+00  0.00000000e+00  0.00000000e+00  1.20000000e+00 -2.23993218e-08  1.19999985e+00 
 4.55637600e-08  8.87863450e-01  1.20015972e+00  0.00000000e+00  0.00000000e+00  0.00000000e+00  1.20000000e+00  6.55115713e-08  1.19999997e+00 
 4.56637600e-08  8.99088393e-01  1.20016074e+00  0.00000000e+00  0.00000000e+00  0.00000000e+00  1.20000000e+00 -2.21630660e-08  1.19999985e+00 
 4.57637600e-08  9.10049108e-01  1.20016291e+00  0.00000000e+00  0.00000000e+00  0.00000000e+00  1.20000000e+00  6.54281863e-08  1.19999997e+00 
 4.58637600e-08  9.20739623e-01  1.20016315e+00  0.00000000e+00  0.00000000e+00  0.00000000e+00  1.20000000e+00 -2.19303814e-08  1.19999985e+00 
 4.59637600e-08  9.31160820e-01  1.20016459e+00  0.00000000e+00  0.00000000e+00  0.00000000e+00  1.20000000e+00  6.53440901e-08  1.19999997e+00 
 4.60637600e-08  9.41307804e-01  1.20016416e+00  0.00000000e+00  0.00000000e+00  0.00000000e+00  1.20000000e+00 -2.17008976e-08  1.19999986e+00 
 4.61637600e-08  9.51182536e-01  1.20016499e+00  0.00000000e+00  0.00000000e+00  0.00000000e+00  1.20000000e+00  6.52592814e-08  1.19999997e+00 
 4.62637600e-08  9.60781259e-01  1.20016401e+00  0.00000000e+00  0.00000000e+00  0.00000000e+00  1.20000000e+00 -2.14743070e-08  1.19999986e+00 
 4.63637600e-08  9.70107042e-01  1.20016432e+00  0.00000000e+00  0.00000000e+00  0.00000000e+00  1.20000000e+00  6.51736734e-08  1.19999997e+00 
 4.64637600e-08  9.79157271e-01  1.20016286e+00  0.00000000e+00  0.00000000e+00  0.00000000e+00  1.20000000e+00 -2.12503875e-08  1.19999986e+00 
 4.65637600e-08  9.87936101e-01  1.20016274e+00  0.00000000e+00  0.00000000e+00  0.00000000e+00  1.20000000e+00  6.50870852e-08  1.19999997e+00 
 4.66637600e-08  9.96442029e-01  1.20016088e+00  0.00000000e+00  0.00000000e+00  0.00000000e+00  1.20000000e+00 -2.10289895e-08  1.19999986e+00 
 4.67637600e-08  1.00468023e+00  1.20016038e+00  0.00000000e+00  0.00000000e+00  0.00000000e+00  1.20000000e+00  6.49992725e-08  1.19999997e+00 
 4.68637600e-08  1.01265024e+00  1.20015817e+00  0.00000000e+00  0.00000000e+00  0.00000000e+00  1.20000000e+00 -2.08100458e-08  1.19999986e+00 
 4.69637600e-08  1.02035817e+00  1.20015736e+00  0.00000000e+00  0.00000000e+00  0.00000000e+00  1.20000000e+00  6.49099566e-08  1.19999997e+00 
 4.70637600e-08  1.02780446e+00  1.20015486e+00  0.00000000e+00  0.00000000e+00  0.00000000e+00  1.20000000e+00 -2.05935417e-08  1.19999986e+00 
 4.71637600e-08  1.03499698e+00  1.20015378e+00  0.00000000e+00  0.00000000e+00  0.00000000e+00  1.20000000e+00  6.48381425e-08  1.19999997e+00 
 4.72637600e-08  1.04193600e+00  1.20015104e+00  0.00000000e+00  0.00000000e+00  0.00000000e+00  1.20000000e+00 -2.04159790e-08  1.19999986e+00 
 4.73637600e-08  1.04862895e+00  1.20014974e+00  0.00000000e+00  0.00000000e+00  0.00000000e+00  1.20000000e+00  6.47745987e-08  1.19999997e+00 
 4.74637600e-08  1.05507790e+00  1.20014680e+00  0.00000000e+00  0.00000000e+00  0.00000000e+00  1.20000000e+00 -2.02282745e-08  1.19999986e+00 
 4.75637600e-08  1.06129080e+00  1.20014532e+00  0.00000000e+00  0.00000000e+00  0.00000000e+00  1.20000000e+00  6.46980529e-08  1.19999997e+00 
 4.76637600e-08  1.06727023e+00  1.20014222e+00  0.00000000e+00  0.00000000e+00  0.00000000e+00  1.20000000e+00 -2.00341382e-08  1.19999986e+00 
 4.77637600e-08  1.07302455e+00  1.20014059e+00  0.00000000e+00  0.00000000e+00  0.00000000e+00  1.20000000e+00  6.46112260e-08  1.19999997e+00 
 4.78637600e-08  1.07855668e+00  1.20013736e+00  0.00000000e+00  0.00000000e+00  0.00000000e+00  1.20000000e+00 -1.98360633e-08  1.19999986e+00 
 4.79637600e-08  1.08387525e+00  1.20013562e+00  0.00000000e+00  0.00000000e+00  0.00000000e+00  1.20000000e+00  6.45160064e-08  1.19999997e+00 
 4.80637600e-08  1.08898341e+00  1.20013230e+00  0.00000000e+00  0.00000000e+00  0.00000000e+00  1.20000000e+00 -1.96358704e-08  1.19999986e+00 
 4.81637600e-08  1.09388956e+00  1.20013048e+00  0.00000000e+00  0.00000000e+00  0.00000000e+00  1.20000000e+00  6.44052522e-08  1.19999997e+00 
 4.82637600e-08  1.09859736e+00  1.20012710e+00  0.00000000e+00  0.00000000e+00  0.00000000e+00  1.20000000e+00 -1.94187390e-08  1.19999986e+00 
 4.83637600e-08  1.10311571e+00  1.20012522e+00  0.00000000e+00  0.00000000e+00  0.00000000e+00  1.20000000e+00  6.42842288e-08  1.19999997e+00 
 4.84637600e-08  1.10744782e+00  1.20012180e+00  0.00000000e+00  0.00000000e+00  0.00000000e+00  1.20000000e+00 -1.92078871e-08  1.19999986e+00 
 4.85637600e-08  1.11160252e+00  1.20011989e+00  0.00000000e+00  0.00000000e+00  0.00000000e+00  1.20000000e+00  6.41632406e-08  1.19999997e+00 
 4.86637600e-08  1.11558296e+00  1.20011645e+00  0.00000000e+00  0.00000000e+00  0.00000000e+00  1.20000000e+00 -1.90022938e-08  1.19999986e+00 
 4.87637600e-08  1.11939807e+00  1.20011454e+00  0.00000000e+00  0.00000000e+00  0.00000000e+00  1.20000000e+00  6.40465633e-08  1.19999997e+00 
 4.88637600e-08  1.12305066e+00  1.20011110e+00  0.00000000e+00  0.00000000e+00  0.00000000e+00  1.20000000e+00 -1.88107792e-08  1.19999986e+00 
 4.89637600e-08  1.12654921e+00  1.20010919e+00  0.00000000e+00  0.00000000e+00  0.00000000e+00  1.20000000e+00  6.39313541e-08  1.19999997e+00 
 4.90637600e-08  1.12989694e+00  1.20010577e+00  0.00000000e+00  0.00000000e+00  0.00000000e+00  1.20000000e+00 -1.86153980e-08  1.19999986e+00 
 4.91637600e-08  1.13310180e+00  1.20010390e+00  0.00000000e+00  0.00000000e+00  0.00000000e+00  1.20000000e+00  6.38033402e-08  1.19999997e+00 
 4.92637600e-08  1.13616641e+00  1.20010051e+00  0.00000000e+00  0.00000000e+00  0.00000000e+00  1.20000000e+00 -1.84190959e-08  1.19999986e+00 
 4.93637600e-08  1.13909884e+00  1.20009868e+00  0.00000000e+00  0.00000000e+00  0.00000000e+00  1.20000000e+00  6.36750540e-08  1.19999997e+00 
 4.94637600e-08  1.14190150e+00  1.20009534e+00  0.00000000e+00  0.00000000e+00  0.00000000e+00  1.20000000e+00 -1.82273115e-08  1.19999986e+00 
 4.95637600e-08  1.14458215e+00  1.20009356e+00  0.00000000e+00  0.00000000e+00  0.00000000e+00  1.20000000e+00  6.35460999e-08  1.19999997e+00 
 4.96637600e-08  1.14714295e+00  1.20009028e+00  0.00000000e+00  0.00000000e+00  0.00000000e+00  1.20000000e+00 -1.80395371e-08  1.19999986e+00 
 4.97637600e-08  1.14959137e+00  1.20008857e+00  0.00000000e+00  0.00000000e+00  0.00000000e+00  1.20000000e+00  6.34162899e-08  1.19999997e+00 
 4.98637600e-08  1.15192929e+00  1.20008535e+00  0.00000000e+00  0.00000000e+00  0.00000000e+00  1.20000000e+00 -1.78553930e-08  1.19999986e+00 
 4.99637600e-08  1.15416390e+00  1.20008371e+00  0.00000000e+00  0.00000000e+00  0.00000000e+00  1.20000000e+00  6.32855552e-08  1.19999997e+00 
 5.00000000e-08  1.15494768e+00  1.20008208e+00  0.00000000e+00  0.00000000e+00  1.58818678e-13  1.20000000e+00 -1.75485791e-08  1.19999986e+00 
 5.00050000e-08  1.15512536e+00  1.20016783e+00  0.00000000e+00  0.00000000e+00  1.20000000e-01  1.20000000e+00  5.10953350e-08  1.19999996e+00 
 5.00150000e-08  1.15544253e+00  1.20033770e+00  0.00000000e+00  0.00000000e+00  3.60000000e-01  1.20000000e+00 -1.75783140e-09  1.19999991e+00 
 5.00350000e-08  1.15585266e+00  1.20064381e+00  0.00000000e+00  0.00000000e+00  8.40000000e-01  1.20000000e+00  2.12771978e-08  1.19999991e+00 
 5.00500000e-08  1.15600996e+00  1.20080224e+00  0.00000000e+00  0.00000000e+00  1.20000000e+00  1.20000000e+00  1.69351706e-08  1.19999990e+00 
 5.00540000e-08  1.15600998e+00  1.20080227e+00  0.00000000e+00  0.00000000e+00  1.20000000e+00  1.20000000e+00  2.63307659e-09  1.19999988e+00 
 5.00620000e-08  1.15600996e+00  1.20080226e+00  0.00000000e+00  0.00000000e+00  1.20000000e+00  1.20000000e+00  3.00114534e-08  1.19999991e+00 
 5.00780000e-08  1.15600994e+00  1.20080227e+00  0.00000000e+00  0.00000000e+00  1.20000000e+00  1.20000000e+00  2.05261245e-08  1.19999991e+00 
 5.01100000e-08  1.15600991e+00  1.20080227e+00  0.00000000e+00  0.00000000e+00  1.20000000e+00  1.20000000e+00  2.44866332e-08  1.19999991e+00 
 5.01740000e-08  1.15600985e+00  1.20080229e+00  0.00000000e+00  0.00000000e+00  1.20000000e+00  1.20000000e+00  2.16486968e-08  1.19999991e+00 
 5.02740000e-08  1.15600975e+00  1.20080231e+00  0.00000000e+00  0.00000000e+00  1.20000000e+00  1.20000000e+00  2.39211076e-08  1.19999991e+00 
 5.03740000e-08  1.15600965e+00  1.20080233e+00  0.00000000e+00  0.00000000e+00  1.20000000e+00  1.20000000e+00  2.20483820e-08  1.19999991e+00 
 5.04740000e-08  1.15600955e+00  1.20080235e+00  0.00000000e+00  0.00000000e+00  1.20000000e+00  1.20000000e+00  2.35532458e-08  1.19999991e+00 
 5.05740000e-08  1.15600945e+00  1.20080237e+00  0.00000000e+00  0.00000000e+00  1.20000000e+00  1.20000000e+00  2.23859456e-08  1.19999991e+00 
 5.06740000e-08  1.15600935e+00  1.20080239e+00  0.00000000e+00  0.00000000e+00  1.20000000e+00  1.20000000e+00  2.32441474e-08  1.19999991e+00 
 5.07740000e-08  1.15600925e+00  1.20080241e+00  0.00000000e+00  0.00000000e+00  1.20000000e+00  1.20000000e+00  2.26685293e-08  1.19999991e+00 
 5.08740000e-08  1.15600915e+00  1.20080242e+00  0.00000000e+00  0.00000000e+00  1.20000000e+00  1.20000000e+00  2.29861127e-08  1.19999991e+00 
 5.09740000e-08  1.15600906e+00  1.20080244e+00  0.00000000e+00  0.00000000e+00  1.20000000e+00  1.20000000e+00  2.29039233e-08  1.19999991e+00 
 5.10740000e-08  1.15600896e+00  1.20080246e+00  0.00000000e+00  0.00000000e+00  1.20000000e+00  1.20000000e+00  2.27715339e-08  1.19999991e+00 
 5.11740000e-08  1.15600886e+00  1.20080248e+00  0.00000000e+00  0.00000000e+00  1.20000000e+00  1.20000000e+00  2.30993934e-08  1.19999991e+00 
 5.12740000e-08  1.15600877e+00  1.20080250e+00  0.00000000e+00  0.00000000e+00  1.20000000e+00  1.20000000e+00  2.25935783e-08  1.19999991e+00 
 5.13740000e-08  1.15600867e+00  1.20080252e+00  0.00000000e+00  0.00000000e+00  1.20000000e+00  1.20000000e+00  2.32613104e-08  1.19999991e+00 
 5.14740000e-08  1.15600857e+00  1.20080254e+00  0.00000000e+00  0.00000000e+00  1.20000000e+00  1.20000000e+00  2.24463321e-08  1.19999991e+00 
 5.15740000e-08  1.15600848e+00  1.20080256e+00  0.00000000e+00  0.00000000e+00  1.20000000e+00  1.20000000e+00  2.33951356e-08  1.19999991e+00 
 5.16740000e-08  1.15600838e+00  1.20080258e+00  0.00000000e+00  0.00000000e+00  1.20000000e+00  1.20000000e+00  2.23247775e-08  1.19999991e+00 
 5.17740000e-08  1.15600829e+00  1.20080260e+00  0.00000000e+00  0.00000000e+00  1.20000000e+00  1.20000000e+00  2.35054708e-08  1.19999991e+00 
 5.18740000e-08  1.15600819e+00  1.20080261e+00  0.00000000e+00  0.00000000e+00  1.20000000e+00  1.20000000e+00  2.22246944e-08  1.19999991e+00 
 5.19740000e-08  1.15600810e+00  1.20080263e+00  0.00000000e+00  0.00000000e+00  1.20000000e+00  1.20000000e+00  2.35961864e-08  1.19999991e+00 
 5.20740000e-08  1.15600801e+00  1.20080265e+00  0.00000000e+00  0.00000000e+00  1.20000000e+00  1.20000000e+00  2.21425352e-08  1.19999991e+00 
 5.21740000e-08  1.15600791e+00  1.20080267e+00  0.00000000e+00  0.00000000e+00  1.20000000e+00  1.20000000e+00  2.36705226e-08  1.19999991e+00 
 5.22740000e-08  1.15600782e+00  1.20080269e+00  0.00000000e+00  0.00000000e+00  1.20000000e+00  1.20000000e+00  2.20753419e-08  1.19999991e+00 
 5.23740000e-08  1.15600773e+00  1.20080271e+00  0.00000000e+00  0.00000000e+00  1.20000000e+00  1.20000000e+00  2.37311889e-08  1.19999991e+00 
 5.24740000e-08  1.15600763e+00  1.20080272e+00  0.00000000e+00  0.00000000e+00  1.20000000e+00  1.20000000e+00  2.20206344e-08  1.19999991e+00 
 5.25740000e-08  1.15600754e+00  1.20080274e+00  0.00000000e+00  0.00000000e+00  1.20000000e+00  1.20000000e+00  2.37804527e-08  1.19999991e+00 
 5.26740000e-08  1.15600745e+00  1.20080276e+00  0.00000000e+00  0.00000000e+00  1.20000000e+00  1.20000000e+00  2.19763407e-08  1.19999991e+00 
 5.27740000e-08  1.15600736e+00  1.20080278e+00  0.00000000e+00  0.00000000e+00  1.20000000e+00  1.20000000e+00  2.38202027e-08  1.19999991e+00 
 5.28740000e-08  1.15600727e+00  1.20080279e+00  0.00000000e+00  0.00000000e+00  1.20000000e+00  1.20000000e+00  2.19407391e-08  1.19999991e+00 
 5.29740000e-08  1.15600718e+00  1.20080281e+00  0.00000000e+00  0.00000000e+00  1.20000000e+00  1.20000000e+00  2.38520174e-08  1.19999991e+00 
 5.30740000e-08  1.15600709e+00  1.20080283e+00  0.00000000e+00  0.00000000e+00  1.20000000e+00  1.20000000e+00  2.19123789e-08  1.19999991e+00 
 5.31740000e-08  1.15600700e+00  1.20080285e+00  0.00000000e+00  0.00000000e+00  1.20000000e+00  1.20000000e+00  2.38772171e-08  1.19999991e+00 
 5.32740000e-08  1.15600690e+00  1.20080286e+00  0.00000000e+00  0.00000000e+00  1.20000000e+00  1.20000000e+00  2.18900640e-08  1.19999991e+00 
 5.33740000e-08  1.15600682e+00  1.20080288e+00  0.00000000e+00  0.00000000e+00  1.20000000e+00  1.20000000e+00  2.38968988e-08  1.19999991e+00 
 5.34740000e-08  1.15600673e+00  1.20080290e+00  0.00000000e+00  0.00000000e+00  1.20000000e+00  1.20000000e+00  2.18727833e-08  1.19999991e+00 
 5.35740000e-08  1.15600664e+00  1.20080291e+00  0.00000000e+00  0.00000000e+00  1.20000000e+00  1.20000000e+00  2.39119851e-08  1.19999991e+00 
 5.36740000e-08  1.15600655e+00  1.20080293e+00  0.00000000e+00  0.00000000e+00  1.20000000e+00  1.20000000e+00  2.18596954e-08  1.19999991e+00 
 5.37740000e-08  1.15600646e+00  1.20080295e+00  0.00000000e+00  0.00000000e+00  1.20000000e+00  1.20000000e+00  2.39232463e-08  1.19999991e+00 
 5.38740000e-08  1.15600637e+00  1.20080296e+00  0.00000000e+00  0.00000000e+00  1.20000000e+00  1.20000000e+00  2.18501013e-08  1.19999991e+00 
 5.39740000e-08  1.15600628e+00  1.20080298e+00  0.00000000e+00  0.00000000e+00  1.20000000e+00  1.20000000e+00  2.39313175e-08  1.19999991e+00 
 5.40740000e-08  1.15600619e+00  1.20080300e+00  0.00000000e+00  0.00000000e+00  1.20000000e+00  1.20000000e+00  2.18434160e-08  1.19999991e+00 
 5.41740000e-08  1.15600611e+00  1.20080301e+00  0.00000000e+00  0.00000000e+00  1.20000000e+00  1.20000000e+00  2.39367364e-08  1.19999991e+00 
 5.42740000e-08  1.15600602e+00  1.20080303e+00  0.00000000e+00  0.00000000e+00  1.20000000e+00  1.20000000e+00  2.18391485e-08  1.19999991e+00 
 5.43740000e-08  1.15600593e+00  1.20080305e+00  0.00000000e+00  0.00000000e+00  1.20000000e+00  1.20000000e+00  2.39399521e-08  1.19999991e+00 
 5.44740000e-08  1.15600585e+00  1.20080306e+00  0.00000000e+00  0.00000000e+00  1.20000000e+00  1.20000000e+00  2.18368903e-08  1.19999991e+00 
 5.45740000e-08  1.15600576e+00  1.20080308e+00  0.00000000e+00  0.00000000e+00  1.20000000e+00  1.20000000e+00  2.39413358e-08  1.19999991e+00 
 5.46740000e-08  1.15600567e+00  1.20080310e+00  0.00000000e+00  0.00000000e+00  1.20000000e+00  1.20000000e+00  2.18363015e-08  1.19999991e+00 
 5.47740000e-08  1.15600559e+00  1.20080311e+00  0.00000000e+00  0.00000000e+00  1.20000000e+00  1.20000000e+00  2.39411991e-08  1.19999991e+00 
 5.48740000e-08  1.15600550e+00  1.20080313e+00  0.00000000e+00  0.00000000e+00  1.20000000e+00  1.20000000e+00  2.18370967e-08  1.19999991e+00 
 5.49740000e-08  1.15600541e+00  1.20080314e+00  0.00000000e+00  0.00000000e+00  1.20000000e+00  1.20000000e+00  2.39398021e-08  1.19999991e+00 
 5.50740000e-08  1.15600533e+00  1.20080316e+00  0.00000000e+00  0.00000000e+00  1.20000000e+00  1.20000000e+00  2.18390395e-08  1.19999991e+00 
 5.51740000e-08  1.15600524e+00  1.20080317e+00  0.00000000e+00  0.00000000e+00  1.20000000e+00  1.20000000e+00  2.39373599e-08  1.19999991e+00 
 5.52740000e-08  1.15600516e+00  1.20080319e+00  0.00000000e+00  0.00000000e+00  1.20000000e+00  1.20000000e+00  2.18419327e-08  1.19999991e+00 
 5.53740000e-08  1.15600507e+00  1.20080320e+00  0.00000000e+00  0.00000000e+00  1.20000000e+00  1.20000000e+00  2.39340550e-08  1.19999991e+00 
 5.54740000e-08  1.15600499e+00  1.20080322e+00  0.00000000e+00  0.00000000e+00  1.20000000e+00  1.20000000e+00  2.18456091e-08  1.19999991e+00 
 5.55740000e-08  1.15600491e+00  1.20080324e+00  0.00000000e+00  0.00000000e+00  1.20000000e+00  1.20000000e+00  2.39300404e-08  1.19999991e+00 
 5.56740000e-08  1.15600482e+00  1.20080325e+00  0.00000000e+00  0.00000000e+00  1.20000000e+00  1.20000000e+00  2.18499289e-08  1.19999991e+00 
 5.57740000e-08  1.15600474e+00  1.20080327e+00  0.00000000e+00  0.00000000e+00  1.20000000e+00  1.20000000e+00  2.39254413e-08  1.19999991e+00 
 5.58740000e-08  1.15600466e+00  1.20080328e+00  0.00000000e+00  0.00000000e+00  1.20000000e+00  1.20000000e+00  2.18547784e-08  1.19999991e+00 
 5.59740000e-08  1.15600457e+00  1.20080330e+00  0.00000000e+00  0.00000000e+00  1.20000000e+00  1.20000000e+00  2.39203634e-08  1.19999991e+00 
 5.60740000e-08  1.15600449e+00  1.20080331e+00  0.00000000e+00  0.00000000e+00  1.20000000e+00  1.20000000e+00  2.18600614e-08  1.19999991e+00 
 5.61740000e-08  1.15600441e+00  1.20080333e+00  0.00000000e+00  0.00000000e+00  1.20000000e+00  1.20000000e+00  2.39148916e-08  1.19999991e+00 
 5.62740000e-08  1.15600432e+00  1.20080334e+00  0.00000000e+00  0.00000000e+00  1.20000000e+00  1.20000000e+00  2.18657014e-08  1.19999991e+00 
 5.63740000e-08  1.15600424e+00  1.20080336e+00  0.00000000e+00  0.00000000e+00  1.20000000e+00  1.20000000e+00  2.39090982e-08  1.19999991e+00 
 5.64740000e-08  1.15600416e+00  1.20080337e+00  0.00000000e+00  0.00000000e+00  1.20000000e+00  1.20000000e+00  2.18716293e-08  1.19999991e+00 
 5.65740000e-08  1.15600408e+00  1.20080338e+00  0.00000000e+00  0.00000000e+00  1.20000000e+00  1.20000000e+00  2.39030496e-08  1.19999991e+00 
 5.66740000e-08  1.15600400e+00  1.20080340e+00  0.00000000e+00  0.00000000e+00  1.20000000e+00  1.20000000e+00  2.18777840e-08  1.19999991e+00 
 5.67740000e-08  1.15600391e+00  1.20080341e+00  0.00000000e+00  0.00000000e+00  1.20000000e+00  1.20000000e+00  2.38967978e-08  1.19999991e+00 
 5.68740000e-08  1.15600383e+00  1.20080343e+00  0.00000000e+00  0.00000000e+00  1.20000000e+00  1.20000000e+00  2.18841205e-08  1.19999991e+00 
 5.69740000e-08  1.15600375e+00  1.20080344e+00  0.00000000e+00  0.00000000e+00  1.20000000e+00  1.20000000e+00  2.38903832e-08  1.19999991e+00 
 5.70740000e-08  1.15600367e+00  1.20080346e+00  0.00000000e+00  0.00000000e+00  1.20000000e+00  1.20000000e+00  2.18906035e-08  1.19999991e+00 
 5.71740000e-08  1.15600359e+00  1.20080347e+00  0.00000000e+00  0.00000000e+00  1.20000000e+00  1.20000000e+00  2.38838369e-08  1.19999991e+00 
 5.72740000e-08  1.15600351e+00  1.20080349e+00  0.00000000e+00  0.00000000e+00  1.20000000e+00  1.20000000e+00  2.18972009e-08  1.19999991e+00 
 5.73740000e-08  1.15600343e+00  1.20080350e+00  0.00000000e+00  0.00000000e+00  1.20000000e+00  1.20000000e+00  2.38771954e-08  1.19999991e+00 
 5.74740000e-08  1.15600335e+00  1.20080351e+00  0.00000000e+00  0.00000000e+00  1.20000000e+00  1.20000000e+00  2.19038817e-08  1.19999991e+00 
 5.75740000e-08  1.15600327e+00  1.20080353e+00  0.00000000e+00  0.00000000e+00  1.20000000e+00  1.20000000e+00  2.38704772e-08  1.19999991e+00 
 5.76740000e-08  1.15600319e+00  1.20080354e+00  0.00000000e+00  0.00000000e+00  1.20000000e+00  1.20000000e+00  2.19106279e-08  1.19999991e+00 
 5.77740000e-08  1.15600311e+00  1.20080356e+00  0.00000000e+00  0.00000000e+00  1.20000000e+00  1.20000000e+00  2.38637060e-08  1.19999991e+00 
 5.78740000e-08  1.15600303e+00  1.20080357e+00  0.00000000e+00  0.00000000e+00  1.20000000e+00  1.20000000e+00  2.19174190e-08  1.19999991e+00 
 5.79740000e-08  1.15600295e+00  1.20080358e+00  0.00000000e+00  0.00000000e+00  1.20000000e+00  1.20000000e+00  2.38568966e-08  1.19999991e+00 
 5.80740000e-08  1.15600287e+00  1.20080360e+00  0.00000000e+00  0.00000000e+00  1.20000000e+00  1.20000000e+00  2.19242404e-08  1.19999991e+00 
 5.81740000e-08  1.15600280e+00  1.20080361e+00  0.00000000e+00  0.00000000e+00  1.20000000e+00  1.20000000e+00  2.38500636e-08  1.19999991e+00 
 5.82740000e-08  1.15600272e+00  1.20080362e+00  0.00000000e+00  0.00000000e+00  1.20000000e+00  1.20000000e+00  2.19310787e-08  1.19999991e+00 
 5.83740000e-08  1.15600264e+00  1.20080364e+00  0.00000000e+00  0.00000000e+00  1.20000000e+00  1.20000000e+00  2.38432228e-08  1.19999991e+00 
 5.84740000e-08  1.15600256e+00  1.20080365e+00  0.00000000e+00  0.00000000e+00  1.20000000e+00  1.20000000e+00  2.19379189e-08  1.19999991e+00 
 5.85740000e-08  1.15600248e+00  1.20080366e+00  0.00000000e+00  0.00000000e+00  1.20000000e+00  1.20000000e+00  2.38363819e-08  1.19999991e+00 
 5.86740000e-08  1.15600241e+00  1.20080368e+00  0.00000000e+00  0.00000000e+00  1.20000000e+00  1.20000000e+00  2.19447547e-08  1.19999991e+00 
 5.87740000e-08  1.15600233e+00  1.20080369e+00  0.00000000e+00  0.00000000e+00  1.20000000e+00  1.20000000e+00  2.38295496e-08  1.19999991e+00 
 5.88740000e-08  1.15600225e+00  1.20080370e+00  0.00000000e+00  0.00000000e+00  1.20000000e+00  1.20000000e+00  2.19515811e-08  1.19999991e+00 
 5.89740000e-08  1.15600217e+00  1.20080372e+00  0.00000000e+00  0.00000000e+00  1.20000000e+00  1.20000000e+00  2.38227304e-08  1.19999991e+00 
 5.90000000e-08  1.15600215e+00  1.20080372e+00  0.00000000e+00  0.00000000e+00  1.20000000e+00  1.20000000e+00  2.19680386e-08  1.19999991e+00 
 5.90100000e-08  1.15600404e+00  1.20080561e+00  1.20000000e-02  0.00000000e+00  1.20000000e+00  1.20000000e+00  2.50617200e-04  1.20041445e+00 
 5.90300000e-08  1.15600787e+00  1.20080943e+00  3.60000000e-02  0.00000000e+00  1.20000000e+00  1.20000000e+00  3.17390158e-04  1.20072908e+00 
 5.90700000e-08  1.15601556e+00  1.20081712e+00  8.40000000e-02  0.00000000e+00  1.20000000e+00  1.20000000e+00  2.36125225e-04  1.20069777e+00 
 5.91500000e-08  1.15603104e+00  1.20083263e+00  1.80000000e-01  0.00000000e+00  1.20000000e+00  1.20000000e+00  3.07475900e-04  1.20074269e+00 
 5.92500000e-08  1.15604933e+00  1.20085228e+00  3.00000000e-01  0.00000000e+00  1.20000000e+00  1.20000000e+00  2.79701135e-04  1.20072161e+00 
 5.93500000e-08  1.15603515e+00  1.20087221e+00  4.20000000e-01  0.00000000e+00  1.20000000e+00  1.20000000e+00  1.08410042e-03  1.20081976e+00 
 5.94500000e-08  1.15574088e+00  1.20089228e+00  5.40000000e-01  0.00000000e+00  1.20000000e+00  1.20000000e+00  6.95226568e-03  1.20117339e+00 
 5.95500000e-08  1.15458282e+00  1.20091206e+00  6.60000000e-01  0.00000000e+00  1.20000000e+00  1.20000000e+00  2.21244208e-02  1.20170991e+00 
 5.96500000e-08  1.15193959e+00  1.20093107e+00  7.80000000e-01  0.00000000e+00  1.20000000e+00  1.20000000e+00  4.47022640e-02  1.20201154e+00 
 5.97500000e-08  1.14743199e+00  1.20094899e+00  9.00000000e-01  0.00000000e+00  1.20000000e+00  1.20000000e+00  7.24556684e-02  1.20233613e+00 
 5.98500000e-08  1.14089639e+00  1.20096567e+00  1.02000000e+00  0.00000000e+00  1.20000000e+00  1.20000000e+00  1.04301478e-01  1.20260093e+00 
 5.99500000e-08  1.13230960e+00  1.20098108e+00  1.14000000e+00  0.00000000e+00  1.20000000e+00  1.20000000e+00  1.40016025e-01  1.20293711e+00 
 6.00000000e-08  1.12726240e+00  1.20098831e+00  1.20000000e+00  0.00000000e+00  1.20000000e+00  1.20000000e+00  1.59342768e-01  1.20310649e+00 
 6.00100000e-08  1.12620335e+00  1.20098753e+00  1.20000000e+00  0.00000000e+00  1.20000000e+00  1.20000000e+00  1.60077767e-01  1.20188489e+00 
 6.00300000e-08  1.12408798e+00  1.20098592e+00  1.20000000e+00  0.00000000e+00  1.20000000e+00  1.20000000e+00  1.60747488e-01  1.20034294e+00 
 6.00700000e-08  1.11986495e+00  1.20098269e+00  1.20000000e+00  0.00000000e+00  1.20000000e+00  1.20000000e+00  1.60753969e-01  1.19991246e+00 
 6.01500000e-08  1.11142771e+00  1.20097624e+00  1.20000000e+00  0.00000000e+00  1.20000000e+00  1.20000000e+00  1.60510042e-01  1.20001535e+00 
 6.02500000e-08  1.10089422e+00  1.20096820e+00  1.20000000e+00  0.00000000e+00  1.20000000e+00  1.20000000e+00  1.60182798e-01  1.19995574e+00 
 6.03500000e-08  1.09037573e+00  1.20096017e+00  1.20000000e+00  0.00000000e+00  1.20000000e+00  1.20000000e+00  1.59890891e-01  1.19999528e+00 
 6.04500000e-08  1.07987232e+00  1.20095216e+00  1.20000000e+00  0.00000000e+00  1.20000000e+00  1.20000000e+00  1.59550702e-01  1.19996695e+00 
 6.05500000e-08  1.06938416e+00  1.20094417e+00  1.20000000e+00  0.00000000e+00  1.20000000e+00  1.20000000e+00  1.59254325e-01  1.19998819e+00 
 6.06500000e-08  1.05891147e+00  1.20093620e+00  1.20000000e+00  0.00000000e+00  1.20000000e+00  1.20000000e+00  1.58908565e-01  1.19997092e+00 
 6.07500000e-08  1.04845437e+00  1.20092825e+00  1.20000000e+00  0.00000000e+00  1.20000000e+00  1.20000000e+00  1.58603649e-01  1.19998515e+00 
 6.08500000e-08  1.03801310e+00  1.20092032e+00  1.20000000e+00  0.00000000e+00  1.20000000e+00  1.20000000e+00  1.58253941e-01  1.19997256e+00 
 6.09500000e-08  1.02758779e+00  1.20091241e+00  1.20000000e+00  0.00000000e+00  1.20000000e+00  1.20000000e+00  1.57939508e-01  1.19998344e+00 
 6.10500000e-08  1.01717867e+00  1.20090452e+00  1.20000000e+00  0.00000000e+00  1.20000000e+00  1.20000000e+00  1.57585800e-01  1.19997338e+00 
 6.11500000e-08  1.00678590e+00  1.20089665e+00  1.20000000e+00  0.00000000e+00  1.20000000e+00  1.20000000e+00  1.57261733e-01  1.19998222e+00 
 6.12500000e-08  9.96409715e-01  1.20088880e+00  1.20000000e+00  0.00000000e+00  1.20000000e+00  1.20000000e+00  1.56903515e-01  1.19997386e+00 
 6.13500000e-08  9.86050275e-01  1.20088097e+00  1.20000000e+00  0.00000000e+00  1.20000000e+00  1.20000000e+00  1.56569888e-01  1.19998122e+00 
 6.14500000e-08  9.75707823e-01  1.20087316e+00  1.20000000e+00  0.00000000e+00  1.20000000e+00  1.20000000e+00  1.56206553e-01  1.19997416e+00 
 6.15500000e-08  9.65382538e-01  1.20086537e+00  1.20000000e+00  0.00000000e+00  1.20000000e+00  1.20000000e+00  1.55863441e-01  1.19998033e+00 
 6.16500000e-08  9.55074669e-01  1.20085759e+00  1.20000000e+00  0.00000000e+00  1.20000000e+00  1.20000000e+00  1.55494377e-01  1.19997433e+00 
 6.17500000e-08  9.44784414e-01  1.20084982e+00  1.20000000e+00  0.00000000e+00  1.20000000e+00  1.20000000e+00  1.55141801e-01  1.19997953e+00 
 6.18500000e-08  9.34512033e-01  1.20084205e+00  1.20000000e+00  0.00000000e+00  1.20000000e+00  1.20000000e+00  1.54766419e-01  1.19997440e+00 
 6.19500000e-08  9.24257748e-01  1.20083428e+00  1.20000000e+00  0.00000000e+00  1.20000000e+00  1.20000000e+00  1.54404337e-01  1.19997879e+00 
 6.20500000e-08  9.14021836e-01  1.20082648e+00  1.20000000e+00  0.00000000e+00  1.20000000e+00  1.20000000e+00  1.54022068e-01  1.19997439e+00 
 6.21500000e-08  9.03804551e-01  1.20081864e+00  1.20000000e+00  0.00000000e+00  1.20000000e+00  1.20000000e+00  1.53650372e-01  1.19997809e+00 
 6.22500000e-08  8.93606197e-01  1.20081073e+00  1.20000000e+00  0.00000000e+00  1.20000000e+00  1.20000000e+00  1.53260658e-01  1.19997430e+00 
 6.23500000e-08  8.83427070e-01  1.20080272e+00  1.20000000e+00  0.00000000e+00  1.20000000e+00  1.20000000e+00  1.52879180e-01  1.19997742e+00 
 6.24500000e-08  8.73267513e-01  1.20079456e+00  1.20000000e+00  0.00000000e+00  1.20000000e+00  1.20000000e+00  1.52481472e-01  1.19997415e+00 
 6.25500000e-08  8.63127876e-01  1.20078619e+00  1.20000000e+00  0.00000000e+00  1.20000000e+00  1.20000000e+00  1.52089984e-01  1.19997678e+00 
 6.26500000e-08  8.53008556e-01  1.20077755e+00  1.20000000e+00  0.00000000e+00  1.20000000e+00  1.20000000e+00  1.51683730e-01  1.19997393e+00 
 6.27500000e-08  8.42909963e-01  1.20076855e+00  1.20000000e+00  0.00000000e+00  1.20000000e+00  1.20000000e+00  1.51281950e-01  1.19997615e+00 
 6.28500000e-08  8.32832543e-01  1.20075909e+00  1.20000000e+00  0.00000000e+00  1.20000000e+00  1.20000000e+00  1.50866588e-01  1.19997367e+00 
 6.29500000e-08  8.22776733e-01  1.20074911e+00  1.20000000e+00  0.00000000e+00  1.20000000e+00  1.20000000e+00  1.50454173e-01  1.19997553e+00 
 6.30500000e-08  8.12742955e-01  1.20073851e+00  1.20000000e+00  0.00000000e+00  1.20000000e+00  1.20000000e+00  1.50029118e-01  1.19997334e+00 
 6.31500000e-08  8.02731543e-01  1.20072728e+00  1.20000000e+00  0.00000000e+00  1.20000000e+00  1.20000000e+00  1.49605651e-01  1.19997490e+00 
 6.32500000e-08  7.92742691e-01  1.20071547e+00  1.20000000e+00  0.00000000e+00  1.20000000e+00  1.20000000e+00  1.49170258e-01  1.19997297e+00 
 6.33500000e-08  7.82776392e-01  1.20070325e+00  1.20000000e+00  0.00000000e+00  1.20000000e+00  1.20000000e+00  1.48735207e-01  1.19997427e+00 
 6.34500000e-08  7.72832472e-01  1.20069089e+00  1.20000000e+00  0.00000000e+00  1.20000000e+00  1.20000000e+00  1.48288719e-01  1.19997254e+00 
 6.35500000e-08  7.62910752e-01  1.20067868e+00  1.20000000e+00  0.00000000e+00  1.20000000e+00  1.20000000e+00  1.47841405e-01  1.19997361e+00 
 6.36500000e-08  7.53011284e-01  1.20066677e+00  1.20000000e+00  0.00000000e+00  1.20000000e+00  1.20000000e+00  1.47382966e-01  1.19997205e+00 
 6.37500000e-08  7.43134451e-01  1.20065518e+00  1.20000000e+00  0.00000000e+00  1.20000000e+00  1.20000000e+00  1.46922637e-01  1.19997292e+00 
 6.38500000e-08  7.33280841e-01  1.20064378e+00  1.20000000e+00  0.00000000e+00  1.20000000e+00  1.20000000e+00  1.46451385e-01  1.19997150e+00 
 6.39500000e-08  7.23451066e-01  1.20063246e+00  1.20000000e+00  0.00000000e+00  1.20000000e+00  1.20000000e+00  1.45977264e-01  1.19997221e+00 
 6.40500000e-08  7.13645659e-01  1.20062114e+00  1.20000000e+00  0.00000000e+00  1.20000000e+00  1.20000000e+00  1.45492283e-01  1.19997090e+00 
 6.41500000e-08  7.03865097e-01  1.20060982e+00  1.20000000e+00  0.00000000e+00  1.20000000e+00  1.20000000e+00  1.45003473e-01  1.19997146e+00 
 6.42500000e-08  6.94109830e-01  1.20059847e+00  1.20000000e+00  0.00000000e+00  1.20000000e+00  1.20000000e+00  1.44503710e-01  1.19997023e+00 
 6.43500000e-08  6.84380314e-01  1.20058711e+00  1.20000000e+00  0.00000000e+00  1.20000000e+00  1.20000000e+00  1.43999152e-01  1.19997066e+00 
 6.44500000e-08  6.74677013e-01  1.20057575e+00  1.20000000e+00  0.00000000e+00  1.20000000e+00  1.20000000e+00  1.43483407e-01  1.19996950e+00 
 6.45500000e-08  6.65000410e-01  1.20056439e+00  1.20000000e+00  0.00000000e+00  1.20000000e+00  1.20000000e+00  1.42961878e-01  1.19996980e+00 
 6.46500000e-08  6.55350999e-01  1.20055305e+00  1.20000000e+00  0.00000000e+00  1.20000000e+00  1.20000000e+00  1.42428786e-01  1.19996868e+00 
 6.47500000e-08  6.45729302e-01  1.20054174e+00  1.20000000e+00  0.00000000e+00  1.20000000e+00  1.20000000e+00  1.41888882e-01  1.19996887e+00 
 6.48500000e-08  6.36135852e-01  1.20053048e+00  1.20000000e+00  0.00000000e+00  1.20000000e+00  1.20000000e+00  1.41336890e-01  1.19996778e+00 
 6.49500000e-08  6.26571216e-01  1.20051928e+00  1.20000000e+00  0.00000000e+00  1.20000000e+00  1.20000000e+00  1.40776992e-01  1.19996786e+00 
 6.50500000e-08  6.17035972e-01  1.20050816e+00  1.20000000e+00  0.00000000e+00  1.20000000e+00  1.20000000e+00  1.40204329e-01  1.19996679e+00 
 6.51500000e-08  6.07530735e-01  1.20049715e+00  1.20000000e+00  0.00000000e+00  1.20000000e+00  1.20000000e+00  1.39622580e-01  1.19996676e+00 
 6.52500000e-08  5.98056137e-01  1.20048626e+00  1.20000000e+00  0.00000000e+00  1.20000000e+00  1.20000000e+00  1.39027225e-01  1.19996568e+00 
 6.53500000e-08  5.88612849e-01  1.20047551e+00  1.20000000e+00  0.00000000e+00  1.20000000e+00  1.20000000e+00  1.38421494e-01  1.19996554e+00 
 6.54500000e-08  5.79201561e-01  1.20046492e+00  1.20000000e+00  0.00000000e+00  1.20000000e+00  1.20000000e+00  1.37801140e-01  1.19996445e+00 
 6.55500000e-08  5.69823009e-01  1.20045453e+00  1.20000000e+00  0.00000000e+00  1.20000000e+00  1.20000000e+00  1.37168991e-01  1.19996421e+00 
 6.56500000e-08  5.60477953e-01  1.20044435e+00  1.20000000e+00  0.00000000e+00  1.20000000e+00  1.20000000e+00  1.36521015e-01  1.19996308e+00 
 6.57500000e-08  5.51167207e-01  1.20043443e+00  1.20000000e+00  0.00000000e+00  1.20000000e+00  1.20000000e+00  1.35859673e-01  1.19996273e+00 
 6.58500000e-08  5.41891619e-01  1.20042477e+00  1.20000000e+00  0.00000000e+00  1.20000000e+00  1.20000000e+00  1.35181102e-01  1.19996155e+00 
 6.59500000e-08  5.32652100e-01  1.20041541e+00  1.20000000e+00  0.00000000e+00  1.20000000e+00  1.20000000e+00  1.34487428e-01  1.19996108e+00 
 6.60000000e-08  5.28046130e-01  1.20041085e+00  1.20000000e+00  0.00000000e+00  1.20000000e+00  1.20000000e+00  1.34133073e-01  1.19996029e+00 
 6.60100000e-08  5.27202521e-01  1.20039908e+00  1.14000000e+00  0.00000000e+00  1.20000000e+00  1.20000000e+00  1.20729026e-01  1.19452358e+00 
 6.60300000e-08  5.25702593e-01  1.20037553e+00  1.02000000e+00  0.00000000e+00  1.20000000e+00  1.20000000e+00  9.21589772e-02  1.18841227e+00 
 6.60700000e-08  5.23795324e-01  1.20032950e+00  7.80000000e-01  0.00000000e+00  1.20000000e+00  1.20000000e+00  3.87240174e-02  1.18915250e+00 
 6.61500000e-08  5.22567049e-01  1.20024228e+00  3.00000000e-01  0.00000000e+00  1.20000000e+00  1.20000000e+00 -1.81307230e-03  1.19622711e+00 
 6.62000000e-08  5.22518337e-01  1.20019097e+00  0.00000000e+00  0.00000000e+00  1.20000000e+00  1.20000000e+00 -9.97627580e-04  1.19655139e+00 
 6.62100000e-08  5.22519036e-01  1.20019039e+00  0.00000000e+00  0.00000000e+00  1.20000000e+00  1.20000000e+00 -2.59297745e-05  1.19850519e+00 
 6.62300000e-08  5.22520627e-01  1.20018945e+00  0.00000000e+00  0.00000000e+00  1.20000000e+00  1.20000000e+00  1.94494751e-04  1.20005790e+00 
 6.62700000e-08  5.22523498e-01  1.20018774e+00  0.00000000e+00  0.00000000e+00  1.20000000e+00  1.20000000e+00 -1.49338582e-04  1.19992608e+00 
 6.63500000e-08  5.22528159e-01  1.20018478e+00  0.00000000e+00  0.00000000e+00  1.20000000e+00  1.20000000e+00  1.32326645e-04  1.20007109e+00 
 6.64500000e-08  5.22532463e-01  1.20018176e+00  0.00000000e+00  0.00000000e+00  1.20000000e+00  1.20000000e+00 -1.20301772e-04  1.19993238e+00 
 6.65500000e-08  5.22535543e-01  1.20017927e+00  0.00000000e+00  0.00000000e+00  1.20000000e+00  1.20000000e+00  1.09579878e-04  1.20006324e+00 
 6.66500000e-08  5.22537783e-01  1.20017716e+00  0.00000000e+00  0.00000000e+00  1.20000000e+00  1.20000000e+00 -9.98183599e-05  1.19994103e+00 
 6.67500000e-08  5.22539414e-01  1.20017532e+00  0.00000000e+00  0.00000000e+00  1.20000000e+00  1.20000000e+00  9.10548465e-05  1.20005438e+00 
 6.68500000e-08  5.22540617e-01  1.20017367e+00  0.00000000e+00  0.00000000e+00  1.20000000e+00  1.20000000e+00 -8.30174334e-05  1.19994973e+00 
 6.69500000e-08  5.22541496e-01  1.20017217e+00  0.00000000e+00  0.00000000e+00  1.20000000e+00  1.20000000e+00  7.57804967e-05  1.20004601e+00 
 6.70500000e-08  5.22542153e-01  1.20017077e+00  0.00000000e+00  0.00000000e+00  1.20000000e+00  1.20000000e+00 -6.91123855e-05  1.19995762e+00 
 6.71500000e-08  5.22542632e-01  1.20016945e+00  0.00000000e+00  0.00000000e+00  1.20000000e+00  1.20000000e+00  6.31089328e-05  1.20003865e+00 
 6.72500000e-08  5.22542993e-01  1.20016820e+00  0.00000000e+00  0.00000000e+00  1.20000000e+00  1.20000000e+00 -5.75549959e-05  1.19996446e+00 
 6.73500000e-08  5.22543253e-01  1.20016699e+00  0.00000000e+00  0.00000000e+00  1.20000000e+00  1.20000000e+00  5.25628219e-05  1.20003233e+00 
 6.74500000e-08  5.22543450e-01  1.20016582e+00  0.00000000e+00  0.00000000e+00  1.20000000e+00  1.20000000e+00 -4.79275433e-05  1.19997027e+00 
 6.75500000e-08  5.22543588e-01  1.20016468e+00  0.00000000e+00  0.00000000e+00  1.20000000e+00  1.20000000e+00  4.37720410e-05  1.20002699e+00 
 6.76500000e-08  5.22543694e-01  1.20016357e+00  0.00000000e+00  0.00000000e+00  1.20000000e+00  1.20000000e+00 -3.98989643e-05  1.19997517e+00 
 6.77500000e-08  5.22543764e-01  1.20016247e+00  0.00000000e+00  0.00000000e+00  1.20000000e+00  1.20000000e+00  3.64388521e-05  1.20002250e+00 
 6.78500000e-08  5.22543819e-01  1.20016139e+00  0.00000000e+00  0.00000000e+00  1.20000000e+00  1.20000000e+00 -3.32001610e-05  1.19997928e+00 
 6.79500000e-08  5.22543851e-01  1.20016032e+00  0.00000000e+00  0.00000000e+00  1.20000000e+00  1.20000000e+00  3.03193362e-05  1.20001875e+00 
 6.80500000e-08  5.22543877e-01  1.20015926e+00  0.00000000e+00  0.00000000e+00  1.20000000e+00  1.20000000e+00 -2.76094798e-05  1.19998272e+00 
 6.81500000e-08  5.22543889e-01  1.20015822e+00  0.00000000e+00  0.00000000e+00  1.20000000e+00  1.20000000e+00  2.52117718e-05  1.20001560e+00 
 6.82500000e-08  5.22543899e-01  1.20015718e+00  0.00000000e+00  0.00000000e+00  1.20000000e+00  1.20000000e+00 -2.29431064e-05  1.19998559e+00 
 6.83500000e-08  5.22543898e-01  1.20015615e+00  0.00000000e+00  0.00000000e+00  1.20000000e+00  1.20000000e+00  2.09485365e-05  1.20001298e+00 
 6.84500000e-08  5.22543899e-01  1.20015514e+00  0.00000000e+00  0.00000000e+00  1.20000000e+00  1.20000000e+00 -1.90480865e-05  1.19998800e+00 
 6.85500000e-08  5.22543892e-01  1.20015413e+00  0.00000000e+00  0.00000000e+00  1.20000000e+00  1.20000000e+00  1.73900097e-05  1.20001078e+00 
 6.86500000e-08  5.22543888e-01  1.20015313e+00  0.00000000e+00  0.00000000e+00  1.20000000e+00  1.20000000e+00 -1.57969290e-05  1.19999000e+00 
 6.87500000e-08  5.22543877e-01  1.20015213e+00  0.00000000e+00  0.00000000e+00  1.20000000e+00  1.20000000e+00  1.44197558e-05  1.20000895e+00 
 6.88500000e-08  5.22543870e-01  1.20015114e+00  0.00000000e+00  0.00000000e+00  1.20000000e+00  1.20000000e+00 -1.30832773e-05  1.19999168e+00 
 6.89500000e-08  5.22543856e-01  1.20015016e+00  0.00000000e+00  0.00000000e+00  1.20000000e+00  1.20000000e+00  1.19406172e-05  1.20000742e+00 
 6.90500000e-08  5.22543848e-01  1.20014918e+00  0.00000000e+00  0.00000000e+00  1.20000000e+00  1.20000000e+00 -1.08183684e-05  1.19999307e+00 
 6.91500000e-08  5.22543834e-01  1.20014821e+00  0.00000000e+00  0.00000000e+00  1.20000000e+00  1.20000000e+00  9.87149861e-06  1.20000614e+00 
 6.92500000e-08  5.22543824e-01  1.20014725e+00  0.00000000e+00  0.00000000e+00  1.20000000e+00  1.20000000e+00 -8.92810771e-06  1.19999424e+00 
 6.93500000e-08  5.22543809e-01  1.20014629e+00  0.00000000e+00  0.00000000e+00  1.20000000e+00  1.20000000e+00  8.14470154e-06  1.20000508e+00 
 6.94500000e-08  5.22543799e-01  1.20014535e+00  0.00000000e+00  0.00000000e+00  1.20000000e+00  1.20000000e+00 -7.35063851e-06  1.19999522e+00 
 6.95500000e-08  5.22543784e-01  1.20014440e+00  0.00000000e+00  0.00000000e+00  1.20000000e+00  1.20000000e+00  6.70370734e-06  1.20000418e+00 
 6.96500000e-08  5.22543774e-01  1.20014347e+00  0.00000000e+00  0.00000000e+00  1.20000000e+00  1.20000000e+00 -6.03431792e-06  1.19999603e+00 
 6.97500000e-08  5.22543758e-01  1.20014253e+00  0.00000000e+00  0.00000000e+00  1.20000000e+00  1.20000000e+00  5.50132918e-06  1.20000344e+00 
 6.98500000e-08  5.22543748e-01  1.20014161e+00  0.00000000e+00  0.00000000e+00  1.20000000e+00  1.20000000e+00 -4.93602948e-06  1.19999671e+00 
 6.99500000e-08  5.22543733e-01  1.20014069e+00  0.00000000e+00  0.00000000e+00  1.20000000e+00  1.20000000e+00  4.49817058e-06  1.20000282e+00 
 7.00500000e-08  5.22543722e-01  1.20013978e+00  0.00000000e+00  0.00000000e+00  1.20000000e+00  1.20000000e+00 -4.01977486e-06  1.19999728e+00 
 7.01500000e-08  5.22543706e-01  1.20013887e+00  0.00000000e+00  0.00000000e+00  1.20000000e+00  1.20000000e+00  3.66133899e-06  1.20000230e+00 
 7.02500000e-08  5.22543696e-01  1.20013797e+00  0.00000000e+00  0.00000000e+00  1.20000000e+00  1.20000000e+00 -3.25549862e-06  1.19999775e+00 
 7.03500000e-08  5.22543680e-01  1.20013707e+00  0.00000000e+00  0.00000000e+00  1.20000000e+00  1.20000000e+00  2.96337190e-06  1.20000187e+00 
 7.04500000e-08  5.22543670e-01  1.20013618e+00  0.00000000e+00  0.00000000e+00  1.20000000e+00  1.20000000e+00 -2.61810697e-06  1.19999815e+00 
 7.05500000e-08  5.22543654e-01  1.20013530e+00  0.00000000e+00  0.00000000e+00  1.20000000e+00  1.20000000e+00  2.38134045e-06  1.20000150e+00 
 7.06500000e-08  5.22543643e-01  1.20013442e+00  0.00000000e+00  0.00000000e+00  1.20000000e+00  1.20000000e+00 -2.08664870e-06  1.19999848e+00 
 7.07500000e-08  5.22543628e-01  1.20013355e+00  0.00000000e+00  0.00000000e+00  1.20000000e+00  1.20000000e+00  1.89610092e-06  1.20000120e+00 
 7.08500000e-08  5.22543617e-01  1.20013268e+00  0.00000000e+00  0.00000000e+00  1.20000000e+00  1.20000000e+00 -1.64363130e-06  1.19999876e+00 
 7.09500000e-08  5.22543602e-01  1.20013182e+00  0.00000000e+00  0.00000000e+00  1.20000000e+00  1.20000000e+00  1.49166990e-06  1.20000095e+00 
 7.10500000e-08  5.22543591e-01  1.20013096e+00  0.00000000e+00  0.00000000e+00  1.20000000e+00  1.20000000e+00 -1.27444995e-06  1.19999899e+00 
 7.11500000e-08  5.22543576e-01  1.20013011e+00  0.00000000e+00  0.00000000e+00  1.20000000e+00  1.20000000e+00  1.15470256e-06  1.20000074e+00 
 7.12500000e-08  5.22543565e-01  1.20012927e+00  0.00000000e+00  0.00000000e+00  1.20000000e+00  1.20000000e+00 -9.66910858e-07  1.19999918e+00 
 7.13500000e-08  5.22543549e-01  1.20012843e+00  0.00000000e+00  0.00000000e+00  1.20000000e+00  1.20000000e+00  8.74057086e-07  1.20000056e+00 
 7.14500000e-08  5.22543539e-01  1.20012760e+00  0.00000000e+00  0.00000000e+00  1.20000000e+00  1.20000000e+00 -7.10833224e-07  1.19999934e+00 
 7.15500000e-08  5.22543523e-01  1.20012677e+00  0.00000000e+00  0.00000000e+00  1.20000000e+00  1.20000000e+00  6.40430992e-07  1.20000042e+00 
 7.16500000e-08  5.22543513e-01  1.20012594e+00  0.00000000e+00  0.00000000e+00  1.20000000e+00  1.20000000e+00 -4.97716922e-07  1.19999948e+00 
 7.17500000e-08  5.22543497e-01  1.20012513e+00  0.00000000e+00  0.00000000e+00  1.20000000e+00  1.20000000e+00  4.46057476e-07  1.20000029e+00 
 7.18500000e-08  5.22543486e-01  1.20012431e+00  0.00000000e+00  0.00000000e+00  1.20000000e+00  1.20000000e+00 -3.20465070e-07  1.19999959e+00 
 7.19500000e-08  5.22543471e-01  1.20012351e+00  0.00000000e+00  0.00000000e+00  1.20000000e+00  1.20000000e+00  2.84451924e-07  1.20000019e+00 
 7.20500000e-08  5.22543460e-01  1.20012271e+00  0.00000000e+00  0.00000000e+00  1.20000000e+00  1.20000000e+00 -1.73152384e-07  1.19999968e+00 
 7.21500000e-08  5.22543445e-01  1.20012191e+00  0.00000000e+00  0.00000000e+00  1.20000000e+00  1.20000000e+00  1.50200231e-07  1.20000010e+00 
 7.22500000e-08  5.22543434e-01  1.20012112e+00  0.00000000e+00  0.00000000e+00  1.20000000e+00  1.20000000e+00 -5.08317444e-08  1.19999976e+00 
 7.23500000e-08  5.22543419e-01  1.20012033e+00  0.00000000e+00  0.00000000e+00  1.20000000e+00  1.20000000e+00  3.87820893e-08  1.20000003e+00 
 7.24500000e-08  5.22543408e-01  1.20011955e+00  0.00000000e+00  0.00000000e+00  1.20000000e+00  1.20000000e+00  5.06272490e-08  1.19999983e+00 
 7.25500000e-08  5.22543393e-01  1.20011877e+00  0.00000000e+00  0.00000000e+00  1.20000000e+00  1.20000000e+00 -5.35765620e-08  1.19999997e+00 
 7.26500000e-08  5.22543382e-01  1.20011800e+00  0.00000000e+00  0.00000000e+00  1.20000000e+00  1.20000000e+00  1.34673126e-07  1.19999988e+00 
 7.27500000e-08  5.22543367e-01  1.20011723e+00  0.00000000e+00  0.00000000e+00  1.20000000e+00  1.20000000e+00 -1.30026736e-07  1.19999992e+00 
 7.28500000e-08  5.22543356e-01  1.20011647e+00  0.00000000e+00  0.00000000e+00  1.20000000e+00  1.20000000e+00  2.04185103e-07  1.19999993e+00 
 7.29500000e-08  5.22543341e-01  1.20011572e+00  0.00000000e+00  0.00000000e+00  1.20000000e+00  1.20000000e+00 -1.93199244e-07  1.19999988e+00 
 7.30500000e-08  5.22543330e-01  1.20011497e+00  0.00000000e+00  0.00000000e+00  1.20000000e+00  1.20000000e+00  2.61567058e-07  1.19999996e+00 
 7.31500000e-08  5.22543315e-01  1.20011422e+00  0.00000000e+00  0.00000000e+00  1.20000000e+00  1.20000000e+00 -2.45290565e-07  1.19999985e+00 
 7.32500000e-08  5.22543304e-01  1.20011348e+00  0.00000000e+00  0.00000000e+00  1.20000000e+00  1.20000000e+00  3.08826004e-07  1.20000000e+00 
 7.33500000e-08  5.22543289e-01  1.20011274e+00  0.00000000e+00  0.00000000e+00  1.20000000e+00  1.20000000e+00 -2.88134559e-07  1.19999982e+00 
 7.34500000e-08  5.22543278e-01  1.20011201e+00  0.00000000e+00  0.00000000e+00  1.20000000e+00  1.20000000e+00  3.47637614e-07  1.20000002e+00 
 7.35500000e-08  5.22543263e-01  1.20011128e+00  0.00000000e+00  0.00000000e+00  1.20000000e+00  1.20000000e+00 -3.23262321e-07  1.19999979e+00 
 7.36500000e-08  5.22543252e-01  1.20011056e+00  0.00000000e+00  0.00000000e+00  1.20000000e+00  1.20000000e+00  3.79400901e-07  1.20000005e+00 
 7.37500000e-08  5.22543237e-01  1.20010984e+00  0.00000000e+00  0.00000000e+00  1.20000000e+00  1.20000000e+00 -3.51952159e-07  1.19999977e+00 
 7.38500000e-08  5.22543226e-01  1.20010913e+00  0.00000000e+00  0.00000000e+00  1.20000000e+00  1.20000000e+00  4.05283908e-07  1.20000006e+00 
 7.39500000e-08  5.22543211e-01  1.20010842e+00  0.00000000e+00  0.00000000e+00  1.20000000e+00  1.20000000e+00 -3.75271336e-07  1.19999975e+00 
 7.40500000e-08  5.22543200e-01  1.20010771e+00  0.00000000e+00  0.00000000e+00  1.20000000e+00  1.20000000e+00  4.26261825e-07  1.20000008e+00 
 7.41500000e-08  5.22543185e-01  1.20010701e+00  0.00000000e+00  0.00000000e+00  1.20000000e+00  1.20000000e+00 -3.94110901e-07  1.19999974e+00 
 7.42500000e-08  5.22543175e-01  1.20010632e+00  0.00000000e+00  0.00000000e+00  1.20000000e+00  1.20000000e+00  4.43148830e-07  1.20000009e+00 
 7.43500000e-08  5.22543160e-01  1.20010563e+00  0.00000000e+00  0.00000000e+00  1.20000000e+00  1.20000000e+00 -4.09214775e-07  1.19999973e+00 
 7.44500000e-08  5.22543149e-01  1.20010494e+00  0.00000000e+00  0.00000000e+00  1.20000000e+00  1.20000000e+00  4.56624664e-07  1.20000010e+00 
 7.45500000e-08  5.22543134e-01  1.20010426e+00  0.00000000e+00  0.00000000e+00  1.20000000e+00  1.20000000e+00 -4.21204046e-07  1.19999972e+00 
 7.46500000e-08  5.22543123e-01  1.20010358e+00  0.00000000e+00  0.00000000e+00  1.20000000e+00  1.20000000e+00  4.67256831e-07  1.20000011e+00 
 7.47500000e-08  5.22543108e-01  1.20010291e+00  0.00000000e+00  0.00000000e+00  1.20000000e+00  1.20000000e+00 -4.30597249e-07  1.19999971e+00 
 7.48500000e-08  5.22543097e-01  1.20010224e+00  0.00000000e+00  0.00000000e+00  1.20000000e+00  1.20000000e+00  4.75519124e-07  1.20000012e+00 
 7.49500000e-08  5.22543082e-01  1.20010158e+00  0.00000000e+00  0.00000000e+00  1.20000000e+00  1.20000000e+00 -4.37827283e-07  1.19999970e+00 
 7.50500000e-08  5.22543071e-01  1.20010092e+00  0.00000000e+00  0.00000000e+00  1.20000000e+00  1.20000000e+00  4.81807091e-07  1.20000013e+00 
 7.51500000e-08  5.22543056e-01  1.20010026e+00  0.00000000e+00  0.00000000e+00  1.20000000e+00  1.20000000e+00 -4.43255564e-07  1.19999970e+00 
 7.52500000e-08  5.22543045e-01  1.20009961e+00  0.00000000e+00  0.00000000e+00  1.20000000e+00  1.20000000e+00  4.86450959e-07  1.20000013e+00 
 7.53500000e-08  5.22543031e-01  1.20009896e+00  0.00000000e+00  0.00000000e+00  1.20000000e+00  1.20000000e+00 -4.47183812e-07  1.19999969e+00 
 7.54500000e-08  5.22543019e-01  1.20009832e+00  0.00000000e+00  0.00000000e+00  1.20000000e+00  1.20000000e+00  4.89726408e-07  1.20000014e+00 
 7.55500000e-08  5.22543005e-01  1.20009768e+00  0.00000000e+00  0.00000000e+00  1.20000000e+00  1.20000000e+00 -4.49863917e-07  1.19999969e+00 
 7.56500000e-08  5.22542994e-01  1.20009705e+00  0.00000000e+00  0.00000000e+00  1.20000000e+00  1.20000000e+00  4.91863592e-07  1.20000014e+00 
 7.57500000e-08  5.22542979e-01  1.20009642e+00  0.00000000e+00  0.00000000e+00  1.20000000e+00  1.20000000e+00 -4.51506155e-07  1.19999968e+00 
 7.58500000e-08  5.22542968e-01  1.20009579e+00  0.00000000e+00  0.00000000e+00  1.20000000e+00  1.20000000e+00  4.93054629e-07  1.20000014e+00 
 7.59500000e-08  5.22542953e-01  1.20009517e+00  0.00000000e+00  0.00000000e+00  1.20000000e+00  1.20000000e+00 -4.52286065e-07  1.19999968e+00 
 7.60500000e-08  5.22542942e-01  1.20009455e+00  0.00000000e+00  0.00000000e+00  1.20000000e+00  1.20000000e+00  4.93459910e-07  1.20000015e+00 
 7.61500000e-08  5.22542928e-01  1.20009393e+00  0.00000000e+00  0.00000000e+00  1.20000000e+00  1.20000000e+00 -4.52350183e-07  1.19999968e+00 
 7.62500000e-08  5.22542916e-01  1.20009332e+00  0.00000000e+00  0.00000000e+00  1.20000000e+00  1.20000000e+00  4.93213312e-07  1.20000015e+00 
 7.63500000e-08  5.22542902e-01  1.20009272e+00  0.00000000e+00  0.00000000e+00  1.20000000e+00  1.20000000e+00 -4.51820824e-07  1.19999968e+00 
 7.64500000e-08  5.22542891e-01  1.20009212e+00  0.00000000e+00  0.00000000e+00  1.20000000e+00  1.20000000e+00  4.92426588e-07  1.20000015e+00 
 7.65500000e-08  5.22542876e-01  1.20009152e+00  0.00000000e+00  0.00000000e+00  1.20000000e+00  1.20000000e+00 -4.50800086e-07  1.19999967e+00 
 7.66500000e-08  5.22542865e-01  1.20009092e+00  0.00000000e+00  0.00000000e+00  1.20000000e+00  1.20000000e+00  4.91193015e-07  1.20000015e+00 
 7.67500000e-08  5.22542850e-01  1.20009033e+00  0.00000000e+00  0.00000000e+00  1.20000000e+00  1.20000000e+00 -4.49373184e-07  1.19999967e+00 
 7.68500000e-08  5.22542839e-01  1.20008974e+00  0.00000000e+00  0.00000000e+00  1.20000000e+00  1.20000000e+00  4.89590446e-07  1.20000015e+00 
 7.69500000e-08  5.22542825e-01  1.20008916e+00  0.00000000e+00  0.00000000e+00  1.20000000e+00  1.20000000e+00 -4.47611242e-07  1.19999967e+00 
 7.70500000e-08  5.22542814e-01  1.20008858e+00  0.00000000e+00  0.00000000e+00  1.20000000e+00  1.20000000e+00  4.87683856e-07  1.20000015e+00 
 7.71500000e-08  5.22542799e-01  1.20008800e+00  0.00000000e+00  0.00000000e+00  1.20000000e+00  1.20000000e+00 -4.45573621e-07  1.19999967e+00 
 7.72500000e-08  5.22542788e-01  1.20008743e+00  0.00000000e+00  0.00000000e+00  1.20000000e+00  1.20000000e+00  4.85527471e-07  1.20000015e+00 
 7.73500000e-08  5.22542773e-01  1.20008686e+00  0.00000000e+00  0.00000000e+00  1.20000000e+00  1.20000000e+00 -4.43309845e-07  1.19999967e+00 
 7.74500000e-08  5.22542762e-01  1.20008630e+00  0.00000000e+00  0.00000000e+00  1.20000000e+00  1.20000000e+00  4.83166529e-07  1.20000016e+00 
 7.75500000e-08  5.22542748e-01  1.20008574e+00  0.00000000e+00  0.00000000e+00  1.20000000e+00  1.20000000e+00 -4.40861246e-07  1.19999967e+00 
 7.76500000e-08  5.22542737e-01  1.20008518e+00  0.00000000e+00  0.00000000e+00  1.20000000e+00  1.20000000e+00  4.80638786e-07  1.20000016e+00 
 7.77500000e-08  5.22542722e-01  1.20008463e+00  0.00000000e+00  0.00000000e+00  1.20000000e+00  1.20000000e+00 -4.38262310e-07  1.19999967e+00 
 7.78500000e-08  5.22542711e-01  1.20008408e+00  0.00000000e+00  0.00000000e+00  1.20000000e+00  1.20000000e+00  4.77975743e-07  1.20000016e+00 
 7.79500000e-08  5.22542697e-01  1.20008353e+00  0.00000000e+00  0.00000000e+00  1.20000000e+00  1.20000000e+00 -4.35541797e-07  1.19999967e+00 
 7.80500000e-08  5.22542685e-01  1.20008299e+00  0.00000000e+00  0.00000000e+00  1.20000000e+00  1.20000000e+00  4.75203654e-07  1.20000016e+00 
 7.81500000e-08  5.22542671e-01  1.20008245e+00  0.00000000e+00  0.00000000e+00  1.20000000e+00  1.20000000e+00 -4.32723689e-07  1.19999967e+00 
 7.82500000e-08  5.22542660e-01  1.20008191e+00  0.00000000e+00  0.00000000e+00  1.20000000e+00  1.20000000e+00  4.72344432e-07  1.20000016e+00 
 7.83500000e-08  5.22542645e-01  1.20008138e+00  0.00000000e+00  0.00000000e+00  1.20000000e+00  1.20000000e+00 -4.29827998e-07  1.19999967e+00 
 7.84500000e-08  5.22542634e-01  1.20008085e+00  0.00000000e+00  0.00000000e+00  1.20000000e+00  1.20000000e+00  4.69416344e-07  1.20000016e+00 
 7.85500000e-08  5.22542620e-01  1.20008032e+00  0.00000000e+00  0.00000000e+00  1.20000000e+00  1.20000000e+00 -4.26871399e-07  1.19999967e+00 
 7.86500000e-08  5.22542609e-01  1.20007980e+00  0.00000000e+00  0.00000000e+00  1.20000000e+00  1.20000000e+00  4.66434613e-07  1.20000016e+00 
 7.87500000e-08  5.22542594e-01  1.20007928e+00  0.00000000e+00  0.00000000e+00  1.20000000e+00  1.20000000e+00 -4.23867787e-07  1.19999967e+00 
 7.88500000e-08  5.22542583e-01  1.20007877e+00  0.00000000e+00  0.00000000e+00  1.20000000e+00  1.20000000e+00  4.63411925e-07  1.20000016e+00 
 7.89500000e-08  5.22542569e-01  1.20007825e+00  0.00000000e+00  0.00000000e+00  1.20000000e+00  1.20000000e+00 -4.20828743e-07  1.19999967e+00 
 7.90500000e-08  5.22542558e-01  1.20007775e+00  0.00000000e+00  0.00000000e+00  1.20000000e+00  1.20000000e+00  4.60358844e-07  1.20000016e+00 
 7.91500000e-08  5.22542543e-01  1.20007724e+00  0.00000000e+00  0.00000000e+00  1.20000000e+00  1.20000000e+00 -4.17763904e-07  1.19999967e+00 
 7.92500000e-08  5.22542532e-01  1.20007674e+00  0.00000000e+00  0.00000000e+00  1.20000000e+00  1.20000000e+00  4.57284170e-07  1.20000016e+00 
 7.93500000e-08  5.22542518e-01  1.20007624e+00  0.00000000e+00  0.00000000e+00  1.20000000e+00  1.20000000e+00 -4.14681306e-07  1.19999967e+00 
 7.94500000e-08  5.22542507e-01  1.20007574e+00  0.00000000e+00  0.00000000e+00  1.20000000e+00  1.20000000e+00  4.54195230e-07  1.20000016e+00 
 7.95500000e-08  5.22542492e-01  1.20007525e+00  0.00000000e+00  0.00000000e+00  1.20000000e+00  1.20000000e+00 -4.11587621e-07  1.19999967e+00 
 7.96500000e-08  5.22542481e-01  1.20007476e+00  0.00000000e+00  0.00000000e+00  1.20000000e+00  1.20000000e+00  4.51098104e-07  1.20000016e+00 
 7.97500000e-08  5.22542467e-01  1.20007427e+00  0.00000000e+00  0.00000000e+00  1.20000000e+00  1.20000000e+00 -4.08488397e-07  1.19999967e+00 
 7.98500000e-08  5.22542456e-01  1.20007379e+00  0.00000000e+00  0.00000000e+00  1.20000000e+00  1.20000000e+00  4.47997853e-07  1.20000016e+00 
 7.99500000e-08  5.22542441e-01  1.20007331e+00  0.00000000e+00  0.00000000e+00  1.20000000e+00  1.20000000e+00 -4.05388246e-07  1.19999967e+00 
 7.99990000e-08  5.22542437e-01  1.20007308e+00  0.00000000e+00  0.00000000e+00  1.20000000e+00  1.20000000e+00  4.43287632e-07  1.20000016e+00 
 7.99991000e-08  5.22499069e-01  1.20002415e+00  0.00000000e+00  0.00000000e+00  1.08000000e+00  1.20000000e+00 -1.35789078e-06  1.19999829e+00 
 7.99993000e-08  5.22404434e-01  1.19991776e+00  0.00000000e+00  0.00000000e+00  8.40000000e-01  1.20000000e+00 -3.27334390e-06  1.19999642e+00 
 7.99997000e-08  5.22167019e-01  1.19961477e+00  0.00000000e+00  0.00000000e+00  3.60000000e-01  1.20000000e+00 -4.00584571e-06  1.19999542e+00 
 8.00000000e-08  5.21979386e-01  1.19935746e+00  0.00000000e+00  0.00000000e+00  0.00000000e+00  1.20000000e+00 -3.48157742e-06  1.19999584e+00 
 8.00000800e-08  5.21987615e-01  1.19935181e+00  0.00000000e+00  0.00000000e+00  0.00000000e+00  1.19999360e+00 -9.85184824e-07  1.19999845e+00 
 8.00002400e-08  5.22013163e-01  1.19935098e+00  0.00000000e+00  0.00000000e+00  0.00000000e+00  1.19998080e+00  2.05006328e-06  1.20000151e+00 
 8.00005600e-08  5.22066425e-01  1.19935205e+00  0.00000000e+00  0.00000000e+00  0.00000000e+00  1.19995520e+00  2.25096098e-06  1.20000138e+00 
 8.00012000e-08  5.22170686e-01  1.19935150e+00  0.00000000e+00  0.00000000e+00  0.00000000e+00  1.19990400e+00  1.52005606e-06  1.20000081e+00 
 8.00024800e-08  5.22381227e-01  1.19935288e+00  0.00000000e+00  0.00000000e+00  0.00000000e+00  1.19980160e+00  9.60977964e-07  1.20000056e+00 
 8.00050400e-08  5.22800112e-01  1.19935311e+00  0.00000000e+00  0.00000000e+00  0.00000000e+00  1.19959680e+00  2.03651986e-07  1.20000000e+00 
 8.00101600e-08  5.23639476e-01  1.19935583e+00  0.00000000e+00  0.00000000e+00  0.00000000e+00  1.19918720e+00  5.65148171e-08  1.19999998e+00 
 8.00204000e-08  5.25315086e-01  1.19935875e+00  0.00000000e+00  0.00000000e+00  0.00000000e+00  1.19836800e+00 -2.67382038e-08  1.19999985e+00 
 8.00408800e-08  5.28663975e-01  1.19936702e+00  0.00000000e+00  0.00000000e+00  0.00000000e+00  1.19672960e+00  6.82192610e-08  1.19999998e+00 
 8.00818400e-08  5.35342335e-01  1.19938150e+00  0.00000000e+00  0.00000000e+00  0.00000000e+00  1.19345280e+00 -2.80085794e-08  1.19999985e+00 
 8.01637600e-08  5.48630141e-01  1.19941409e+00  0.00000000e+00  0.00000000e+00  0.00000000e+00  1.18689920e+00  6.89422413e-08  1.19999998e+00 
 8.02637600e-08  5.64717594e-01  1.19945448e+00  0.00000000e+00  0.00000000e+00  0.00000000e+00  1.17889920e+00 -2.81846694e-08  1.19999985e+00 
 8.03637600e-08  5.80659039e-01  1.19949867e+00  0.00000000e+00  0.00000000e+00  0.00000000e+00  1.17089920e+00  6.92864427e-08  1.19999998e+00 
 8.04637600e-08  5.96449850e-01  1.19954224e+00  0.00000000e+00  0.00000000e+00  0.00000000e+00  1.16289920e+00 -2.82297353e-08  1.19999985e+00 
 8.05637600e-08  6.12093191e-01  1.19958635e+00  0.00000000e+00  0.00000000e+00  0.00000000e+00  1.15489920e+00  6.95634550e-08  1.19999998e+00 
 8.06637600e-08  6.27584880e-01  1.19962615e+00  0.00000000e+00  0.00000000e+00  0.00000000e+00  1.14689920e+00 -2.82191692e-08  1.19999985e+00 
 8.07637600e-08  6.42924401e-01  1.19966420e+00  0.00000000e+00  0.00000000e+00  0.00000000e+00  1.13889920e+00  6.97642182e-08  1.19999998e+00 
 8.08637600e-08  6.58102635e-01  1.19969767e+00  0.00000000e+00  0.00000000e+00  0.00000000e+00  1.13089920e+00 -2.81715116e-08  1.19999985e+00 
 8.09637600e-08  6.73116392e-01  1.19973022e+00  0.00000000e+00  0.00000000e+00  0.00000000e+00  1.12289920e+00  6.99099408e-08  1.19999998e+00 
 8.10637600e-08  6.87956085e-01  1.19975908e+00  0.00000000e+00  0.00000000e+00  0.00000000e+00  1.11489920e+00 -2.80839947e-08  1.19999985e+00 
 8.11637600e-08  7.02618892e-01  1.19978760e+00  0.00000000e+00  0.00000000e+00  0.00000000e+00  1.10689920e+00  7.00133999e-08  1.19999998e+00 
 8.12637600e-08  7.17095376e-01  1.19981279e+00  0.00000000e+00  0.00000000e+00  0.00000000e+00  1.09889920e+00 -2.79650960e-08  1.19999985e+00 
 8.13637600e-08  7.31382769e-01  1.19983787e+00  0.00000000e+00  0.00000000e+00  0.00000000e+00  1.09089920e+00  7.00806060e-08  1.19999998e+00 
 8.14637600e-08  7.45471539e-01  1.19985977e+00  0.00000000e+00  0.00000000e+00  0.00000000e+00  1.08289920e+00 -2.78216738e-08  1.19999985e+00 
 8.15637600e-08  7.59358918e-01  1.19988169e+00  0.00000000e+00  0.00000000e+00  0.00000000e+00  1.07489920e+00  7.01173939e-08  1.19999998e+00 
 8.16637600e-08  7.73035335e-01  1.19990056e+00  0.00000000e+00  0.00000000e+00  0.00000000e+00  1.06689920e+00 -2.76589452e-08  1.19999985e+00 
 8.17637600e-08  7.86498105e-01  1.19991954e+00  0.00000000e+00  0.00000000e+00  0.00000000e+00  1.05889920e+00  7.01287805e-08  1.19999998e+00 
 8.18637600e-08  7.99737736e-01  1.19993559e+00  0.00000000e+00  0.00000000e+00  0.00000000e+00  1.05089920e+00 -2.74810619e-08  1.19999985e+00 
 8.19637600e-08  8.12751755e-01  1.19995189e+00  0.00000000e+00  0.00000000e+00  0.00000000e+00  1.04289920e+00  7.01190441e-08  1.19999998e+00 
 8.20637600e-08  8.25530914e-01  1.19996540e+00  0.00000000e+00  0.00000000e+00  0.00000000e+00  1.03489920e+00 -2.72912873e-08  1.19999985e+00 
 8.21637600e-08  8.38073123e-01  1.19997932e+00  0.00000000e+00  0.00000000e+00  0.00000000e+00  1.02689920e+00  7.00918281e-08  1.19999998e+00 
 8.22637600e-08  8.50369571e-01  1.19999060e+00  0.00000000e+00  0.00000000e+00  0.00000000e+00  1.01889920e+00 -2.70921483e-08  1.19999985e+00 
 8.23637600e-08  8.62418737e-01  1.20000244e+00  0.00000000e+00  0.00000000e+00  0.00000000e+00  1.01089920e+00  7.00502055e-08  1.19999998e+00 
 8.24637600e-08  8.74212447e-01  1.20001180e+00  0.00000000e+00  0.00000000e+00  0.00000000e+00  1.00289920e+00 -2.68856305e-08  1.19999985e+00 
 8.25637600e-08  8.85749920e-01  1.20002187e+00  0.00000000e+00  0.00000000e+00  0.00000000e+00  9.94899200e-01  6.99967051e-08  1.19999998e+00 
 8.26637600e-08  8.97023798e-01  1.20002957e+00  0.00000000e+00  0.00000000e+00  0.00000000e+00  9.86899200e-01 -2.66732949e-08  1.19999985e+00 
 8.27637600e-08  9.08034190e-01  1.20003811e+00  0.00000000e+00  0.00000000e+00  0.00000000e+00  9.78899200e-01  6.99333885e-08  1.19999998e+00 
 8.28637600e-08  9.18774698e-01  1.20004439e+00  0.00000000e+00  0.00000000e+00  0.00000000e+00  9.70899200e-01 -2.64563927e-08  1.19999985e+00 
 8.29637600e-08  9.29246435e-01  1.20005160e+00  0.00000000e+00  0.00000000e+00  0.00000000e+00  9.62899200e-01  6.98618951e-08  1.19999998e+00 
 8.30637600e-08  9.39444074e-01  1.20005665e+00  0.00000000e+00  0.00000000e+00  0.00000000e+00  9.54899200e-01 -2.62359206e-08  1.19999985e+00 
 8.31637600e-08  9.49369805e-01  1.20006270e+00  0.00000000e+00  0.00000000e+00  0.00000000e+00  9.46899200e-01  6.97834949e-08  1.19999998e+00 
 8.32637600e-08  9.59019433e-01  1.20006668e+00  0.00000000e+00  0.00000000e+00  0.00000000e+00  9.38899200e-01 -2.60127142e-08  1.19999985e+00 
 8.33637600e-08  9.68396252e-01  1.20007173e+00  0.00000000e+00  0.00000000e+00  0.00000000e+00  9.30899200e-01  6.96991475e-08  1.19999998e+00 
 8.34637600e-08  9.77497219e-01  1.20007476e+00  0.00000000e+00  0.00000000e+00  0.00000000e+00  9.22899200e-01 -2.57874889e-08  1.19999985e+00 
 8.35637600e-08  9.86326714e-01  1.20007894e+00  0.00000000e+00  0.00000000e+00  0.00000000e+00  9.14899200e-01  6.96095498e-08  1.19999998e+00 
 8.36637600e-08  9.94882809e-01  1.20008115e+00  0.00000000e+00  0.00000000e+00  0.00000000e+00  9.06899200e-01 -2.55608871e-08  1.19999985e+00 
 8.37637600e-08  1.00317091e+00  1.20008455e+00  0.00000000e+00  0.00000000e+00  0.00000000e+00  8.98899200e-01  6.95151863e-08  1.19999998e+00 
 8.38637600e-08  1.01119015e+00  1.20008605e+00  0.00000000e+00  0.00000000e+00  0.00000000e+00  8.90899200e-01 -2.53334862e-08  1.19999985e+00 
 8.39637600e-08  1.01894685e+00  1.20008878e+00  0.00000000e+00  0.00000000e+00  0.00000000e+00  8.82899200e-01  6.94163765e-08  1.19999998e+00 
 8.40637600e-08  1.02644108e+00  1.20008965e+00  0.00000000e+00  0.00000000e+00  0.00000000e+00  8.74899200e-01 -2.51058179e-08  1.19999985e+00 
 8.41637600e-08  1.03368000e+00  1.20009180e+00  0.00000000e+00  0.00000000e+00  0.00000000e+00  8.66899200e-01  6.93133212e-08  1.19999998e+00 
 8.42637600e-08  1.04066447e+00  1.20009214e+00  0.00000000e+00  0.00000000e+00  0.00000000e+00  8.58899200e-01 -2.48783660e-08  1.19999985e+00 
 8.43637600e-08  1.04740233e+00  1.20009379e+00  0.00000000e+00  0.00000000e+00  0.00000000e+00  8.50899200e-01  6.92061520e-08  1.19999998e+00 
 8.44637600e-08  1.05389513e+00  1.20009367e+00  0.00000000e+00  0.00000000e+00  0.00000000e+00  8.42899200e-01 -2.46515784e-08  1.19999985e+00 
 8.45637600e-08  1.06015123e+00  1.20009491e+00  0.00000000e+00  0.00000000e+00  0.00000000e+00  8.34899200e-01  6.90949599e-08  1.19999998e+00 
 8.46637600e-08  1.06617271e+00  1.20009442e+00  0.00000000e+00  0.00000000e+00  0.00000000e+00  8.26899200e-01 -2.44258359e-08  1.19999985e+00 
 8.47637600e-08  1.07196832e+00  1.20009532e+00  0.00000000e+00  0.00000000e+00  0.00000000e+00  8.18899200e-01  6.89798155e-08  1.19999998e+00 
 8.48637600e-08  1.07754053e+00  1.20009453e+00  0.00000000e+00  0.00000000e+00  0.00000000e+00  8.10899200e-01 -2.42014814e-08  1.19999985e+00 
 8.49637600e-08  1.08289837e+00  1.20009516e+00  0.00000000e+00  0.00000000e+00  0.00000000e+00  8.02899200e-01  6.88608048e-08  1.19999998e+00 
 8.50637600e-08  1.08804455e+00  1.20009414e+00  0.00000000e+00  0.00000000e+00  0.00000000e+00  7.94899200e-01 -2.39787966e-08  1.19999985e+00 
 8.51637600e-08  1.09298824e+00  1.20009459e+00  0.00000000e+00  0.00000000e+00  0.00000000e+00  7.86899200e-01  6.87380197e-08  1.19999998e+00 
 8.52637600e-08  1.09773229e+00  1.20009342e+00  0.00000000e+00  0.00000000e+00  0.00000000e+00  7.78899200e-01 -2.37580094e-08  1.19999985e+00 
 8.53637600e-08  1.10228592e+00  1.20009374e+00  0.00000000e+00  0.00000000e+00  0.00000000e+00  7.70899200e-01  6.86115803e-08  1.19999997e+00 
 8.54637600e-08  1.10665203e+00  1.20009249e+00  0.00000000e+00  0.00000000e+00  0.00000000e+00  7.62899200e-01 -2.35393006e-08  1.19999985e+00 
 8.55637600e-08  1.11083976e+00  1.20009278e+00  0.00000000e+00  0.00000000e+00  0.00000000e+00  7.54899200e-01  6.84816327e-08  1.19999997e+00 
 8.56637600e-08  1.11485198e+00  1.20009153e+00  0.00000000e+00  0.00000000e+00  0.00000000e+00  7.46899200e-01 -2.33228050e-08  1.19999985e+00 
 8.57637600e-08  1.11869770e+00  1.20009186e+00  0.00000000e+00  0.00000000e+00  0.00000000e+00  7.38899200e-01  6.83483427e-08  1.19999997e+00 
 8.58637600e-08  1.12237969e+00  1.20009071e+00  0.00000000e+00  0.00000000e+00  0.00000000e+00  7.30899200e-01 -2.31086211e-08  1.19999985e+00 
 8.59637600e-08  1.12590677e+00  1.20009120e+00  0.00000000e+00  0.00000000e+00  0.00000000e+00  7.22899200e-01  6.82119024e-08  1.19999997e+00 
 8.60637600e-08  1.12928154e+00  1.20009028e+00  0.00000000e+00  0.00000000e+00  0.00000000e+00  7.14899200e-01 -2.28968077e-08  1.19999985e+00 
 8.61637600e-08  1.13251260e+00  1.20009108e+00  0.00000000e+00  0.00000000e+00  0.00000000e+00  7.06899200e-01  6.80725126e-08  1.19999997e+00 
 8.62637600e-08  1.13560235e+00  1.20009057e+00  0.00000000e+00  0.00000000e+00  0.00000000e+00  6.98899200e-01 -2.26873941e-08  1.19999985e+00 
 8.63637600e-08  1.13855912e+00  1.20009194e+00  0.00000000e+00  0.00000000e+00  0.00000000e+00  6.90899200e-01  6.79303878e-08  1.19999997e+00 
 8.64637600e-08  1.14138507e+00  1.20009222e+00  0.00000000e+00  0.00000000e+00  0.00000000e+00  6.82899200e-01 -2.24803877e-08  1.19999985e+00 
 8.65637600e-08  1.14408827e+00  1.20009467e+00  0.00000000e+00  0.00000000e+00  0.00000000e+00  6.74899200e-01  6.77857569e-08  1.19999997e+00 
 8.66637600e-08  1.14667061e+00  1.20009649e+00  0.00000000e+00  0.00000000e+00  0.00000000e+00  6.66899200e-01 -2.22757694e-08  1.19999985e+00 
 8.67637600e-08  1.14913987e+00  1.20010125e+00  0.00000000e+00  0.00000000e+00  0.00000000e+00  6.58899200e-01  6.76388573e-08  1.19999997e+00 
 8.68637600e-08  1.15149767e+00  1.20010664e+00  0.00000000e+00  0.00000000e+00  0.00000000e+00  6.50899200e-01 -2.20734918e-08  1.19999985e+00 
 8.69637600e-08  1.15375151e+00  1.20011698e+00  0.00000000e+00  0.00000000e+00  0.00000000e+00  6.42899200e-01  6.74899157e-08  1.19999997e+00 
 8.70637600e-08  1.15590272e+00  1.20013076e+00  0.00000000e+00  0.00000000e+00  0.00000000e+00  6.34899200e-01 -2.18736004e-08  1.19999985e+00 
 8.71637600e-08  1.15795850e+00  1.20015203e+00  0.00000000e+00  0.00000000e+00  0.00000000e+00  6.26899200e-01  6.73388734e-08  1.19999997e+00 
 8.72637600e-08  1.15991993e+00  1.20017500e+00  0.00000000e+00  0.00000000e+00  0.00000000e+00  6.18899200e-01 -2.16768154e-08  1.19999985e+00 
 8.73637600e-08  1.16179383e+00  1.20017269e+00  0.00000000e+00  0.00000000e+00  0.00000000e+00  6.10899200e-01  6.71792072e-08  1.19999997e+00 
 8.74637600e-08  1.16358077e+00  1.20000654e+00  0.00000000e+00  0.00000000e+00  0.00000000e+00  6.02899200e-01 -2.15031515e-08  1.19999985e+00 
 8.75637600e-08  1.16528695e+00  1.19951168e+00  0.00000000e+00  0.00000000e+00  0.00000000e+00  5.94899200e-01  6.70507218e-08  1.19999997e+00 
 8.76637600e-08  1.16690876e+00  1.19923461e+00  0.00000000e+00  0.00000000e+00  0.00000000e+00  5.86899200e-01 -2.11388015e-08  1.19999986e+00 
 8.77637600e-08  1.16831170e+00  1.19927811e+00  0.00000000e+00  0.00000000e+00  0.00000000e+00  5.78899200e-01  6.58251358e-08  1.19999997e+00 
 8.78637600e-08  1.16969776e+00  1.19931035e+00  0.00000000e+00  0.00000000e+00  0.00000000e+00  5.70899200e-01 -1.90287265e-08  1.19999986e+00 
 8.79637600e-08  1.17112577e+00  1.19934644e+00  0.00000000e+00  0.00000000e+00  0.00000000e+00  5.62899200e-01  6.42697099e-08  1.19999997e+00 
 8.80637600e-08  1.17248271e+00  1.19937467e+00  0.00000000e+00  0.00000000e+00  0.00000000e+00  5.54899200e-01 -1.81510541e-08  1.19999986e+00 
 8.81637600e-08  1.17378153e+00  1.19940711e+00  0.00000000e+00  0.00000000e+00  0.00000000e+00  5.46899200e-01  6.35569345e-08  1.19999997e+00 
 8.82637600e-08  1.17501681e+00  1.19943416e+00  0.00000000e+00  0.00000000e+00  0.00000000e+00  5.38899200e-01 -1.75115294e-08  1.19999986e+00 
 8.83637600e-08  1.17619807e+00  1.19946418e+00  0.00000000e+00  0.00000000e+00  0.00000000e+00  5.30899200e-01  6.30281406e-08  1.19999997e+00 
 8.84637600e-08  1.17732146e+00  1.19948878e+00  0.00000000e+00  0.00000000e+00  0.00000000e+00  5.22899200e-01 -1.70226714e-08  1.19999986e+00 
 8.85637600e-08  1.17839526e+00  1.19951589e+00  0.00000000e+00  0.00000000e+00  0.00000000e+00  5.14899200e-01  6.26219570e-08  1.19999997e+00 
 8.86637600e-08  1.17941648e+00  1.19953813e+00  0.00000000e+00  0.00000000e+00  0.00000000e+00  5.06899200e-01 -1.66378775e-08  1.19999986e+00 
 8.87637600e-08  1.18039234e+00  1.19956263e+00  0.00000000e+00  0.00000000e+00  0.00000000e+00  4.98899200e-01  6.23008236e-08  1.19999997e+00 
 8.88637600e-08  1.18132037e+00  1.19958272e+00  0.00000000e+00  0.00000000e+00  0.00000000e+00  4.90899200e-01 -1.63267658e-08  1.19999986e+00 
 8.89637600e-08  1.18220701e+00  1.19960487e+00  0.00000000e+00  0.00000000e+00  0.00000000e+00  4.82899200e-01  6.20399864e-08  1.19999997e+00 
 8.90637600e-08  1.18305012e+00  1.19962299e+00  0.00000000e+00  0.00000000e+00  0.00000000e+00  4.74899200e-01 -1.60686213e-08  1.19999986e+00 
 8.91637600e-08  1.18385551e+00  1.19964304e+00  0.00000000e+00  0.00000000e+00  0.00000000e+00  4.66899200e-01  6.18222466e-08  1.19999997e+00 
 8.92637600e-08  1.18462128e+00  1.19965938e+00  0.00000000e+00  0.00000000e+00  0.00000000e+00  4.58899200e-01 -1.58487618e-08  1.19999986e+00 
 8.93637600e-08  1.18535272e+00  1.19967752e+00  0.00000000e+00  0.00000000e+00  0.00000000e+00  4.50899200e-01  6.16352859e-08  1.19999997e+00 
 8.94637600e-08  1.18604808e+00  1.19969225e+00  0.00000000e+00  0.00000000e+00  0.00000000e+00  4.42899200e-01 -1.56565291e-08  1.19999986e+00 
 8.95637600e-08  1.18671224e+00  1.19970867e+00  0.00000000e+00  0.00000000e+00  0.00000000e+00  4.34899200e-01  6.14701248e-08  1.19999997e+00 
 8.96637600e-08  1.18734353e+00  1.19972194e+00  0.00000000e+00  0.00000000e+00  0.00000000e+00  4.26899200e-01 -1.54840918e-08  1.19999986e+00 
 8.97637600e-08  1.18794650e+00  1.19973681e+00  0.00000000e+00  0.00000000e+00  0.00000000e+00  4.18899200e-01  6.13201781e-08  1.19999997e+00 
 8.98637600e-08  1.18851951e+00  1.19974875e+00  0.00000000e+00  0.00000000e+00  0.00000000e+00  4.10899200e-01 -1.53256750e-08  1.19999986e+00 
 8.99637600e-08  1.18906686e+00  1.19976224e+00  0.00000000e+00  0.00000000e+00  0.00000000e+00  4.02899200e-01  6.11806091e-08  1.19999997e+00 
 9.00000000e-08  1.18925777e+00  1.19976555e+00  0.00000000e+00  0.00000000e+00  0.00000000e+00  4.00000000e-01 -1.50584045e-08  1.19999986e+00 
 9.00050000e-08  1.18936618e+00  1.19985197e+00  0.00000000e+00  0.00000000e+00  1.20000000e-01  3.99600000e-01  5.48410522e-08  1.19999996e+00 
 9.00150000e-08  1.18957286e+00  1.20002282e+00  0.00000000e+00  0.00000000e+00  3.60000000e-01  3.98800000e-01  5.85976991e-09  1.19999991e+00 
 9.00350000e-08  1.18990557e+00  1.20032945e+00  0.00000000e+00  0.00000000e+00  8.40000000e-01  3.97200000e-01  2.53276430e-08  1.19999991e+00 
 9.00500000e-08  1.19006361e+00  1.20048780e+00  0.00000000e+00  0.00000000e+00  1.20000000e+00  3.96000000e-01  1.43689858e-08  1.19999990e+00 
 9.00540000e-08  1.19006361e+00  1.20048781e+00  0.00000000e+00  0.00000000e+00  1.20000000e+00  3.95680000e-01  2.51571674e-09  1.19999988e+00 
 9.00620000e-08  1.19006354e+00  1.20048779e+00  0.00000000e+00  0.00000000e+00  1.20000000e+00  3.95040000e-01  3.02693152e-08  1.19999991e+00 
 9.00780000e-08  1.19006342e+00  1.20048779e+00  0.00000000e+00  0.00000000e+00  1.20000000e+00  3.93760000e-01  2.05588359e-08  1.19999991e+00 
 9.01100000e-08  1.19006319e+00  1.20048778e+00  0.00000000e+00  0.00000000e+00  1.20000000e+00  3.91200000e-01  2.46689680e-08  1.19999991e+00 
 9.01740000e-08  1.19006272e+00  1.20048775e+00  0.00000000e+00  0.00000000e+00  1.20000000e+00  3.86080000e-01  2.16915337e-08  1.19999991e+00 
 9.02740000e-08  1.19006198e+00  1.20048771e+00  0.00000000e+00  0.00000000e+00  1.20000000e+00  3.78080000e-01  2.40974787e-08  1.19999991e+00 
 9.03740000e-08  1.19006125e+00  1.20048767e+00  0.00000000e+00  0.00000000e+00  1.20000000e+00  3.70080000e-01  2.20955603e-08  1.19999991e+00 
 9.04740000e-08  1.19006051e+00  1.20048763e+00  0.00000000e+00  0.00000000e+00  1.20000000e+00  3.62080000e-01  2.37255378e-08  1.19999991e+00 
 9.05740000e-08  1.19005978e+00  1.20048759e+00  0.00000000e+00  0.00000000e+00  1.20000000e+00  3.54080000e-01  2.24369181e-08  1.19999991e+00 
 9.06740000e-08  1.19005906e+00  1.20048755e+00  0.00000000e+00  0.00000000e+00  1.20000000e+00  3.46080000e-01  2.34129110e-08  1.19999991e+00 
 9.07740000e-08  1.19005833e+00  1.20048751e+00  0.00000000e+00  0.00000000e+00  1.20000000e+00  3.38080000e-01  2.27227605e-08  1.19999991e+00 
 9.08740000e-08  1.19005761e+00  1.20048747e+00  0.00000000e+00  0.00000000e+00  1.20000000e+00  3.30080000e-01  2.31518501e-08  1.19999991e+00 
 9.09740000e-08  1.19005689e+00  1.20048743e+00  0.00000000e+00  0.00000000e+00  1.20000000e+00  3.22080000e-01  2.29609505e-08  1.19999991e+00 
 9.10740000e-08  1.19005617e+00  1.20048739e+00  0.00000000e+00  0.00000000e+00  1.20000000e+00  3.14080000e-01  2.29346775e-08  1.19999991e+00 
 9.11740000e-08  1.19005545e+00  1.20048735e+00  0.00000000e+00  0.00000000e+00  1.20000000e+00  3.06080000e-01  2.31588103e-08  1.19999991e+00 
 9.12740000e-08  1.19005473e+00  1.20048731e+00  0.00000000e+00  0.00000000e+00  1.20000000e+00  2.98080000e-01  2.27545031e-08  1.19999991e+00 
 9.13740000e-08  1.19005402e+00  1.20048727e+00  0.00000000e+00  0.00000000e+00  1.20000000e+00  2.90080000e-01  2.33227745e-08  1.19999991e+00 
 9.14740000e-08  1.19005331e+00  1.20048723e+00  0.00000000e+00  0.00000000e+00  1.20000000e+00  2.82080000e-01  2.26053535e-08  1.19999991e+00 
 9.15740000e-08  1.19005260e+00  1.20048719e+00  0.00000000e+00  0.00000000e+00  1.20000000e+00  2.74080000e-01  2.34583557e-08  1.19999991e+00 
 9.16740000e-08  1.19005189e+00  1.20048715e+00  0.00000000e+00  0.00000000e+00  1.20000000e+00  2.66080000e-01  2.24821612e-08  1.19999991e+00 
 9.17740000e-08  1.19005119e+00  1.20048711e+00  0.00000000e+00  0.00000000e+00  1.20000000e+00  2.58080000e-01  2.35702059e-08  1.19999991e+00 
 9.18740000e-08  1.19005048e+00  1.20048707e+00  0.00000000e+00  0.00000000e+00  1.20000000e+00  2.50080000e-01  2.23806584e-08  1.19999991e+00 
 9.19740000e-08  1.19004978e+00  1.20048703e+00  0.00000000e+00  0.00000000e+00  1.20000000e+00  2.42080000e-01  2.36622342e-08  1.19999991e+00 
 9.20740000e-08  1.19004908e+00  1.20048699e+00  0.00000000e+00  0.00000000e+00  1.20000000e+00  2.34080000e-01  2.22972707e-08  1.19999991e+00 
 9.21740000e-08  1.19004838e+00  1.20048695e+00  0.00000000e+00  0.00000000e+00  1.20000000e+00  2.26080000e-01  2.37377101e-08  1.19999991e+00 
 9.22740000e-08  1.19004768e+00  1.20048691e+00  0.00000000e+00  0.00000000e+00  1.20000000e+00  2.18080000e-01  2.22290021e-08  1.19999991e+00 
 9.23740000e-08  1.19004699e+00  1.20048687e+00  0.00000000e+00  0.00000000e+00  1.20000000e+00  2.10080000e-01  2.37993792e-08  1.19999991e+00 
 9.24740000e-08  1.19004630e+00  1.20048683e+00  0.00000000e+00  0.00000000e+00  1.20000000e+00  2.02080000e-01  2.21733487e-08  1.19999991e+00 
 9.25740000e-08  1.19004561e+00  1.20048679e+00  0.00000000e+00  0.00000000e+00  1.20000000e+00  1.94080000e-01  2.38495211e-08  1.19999991e+00 
 9.26740000e-08  1.19004492e+00  1.20048675e+00  0.00000000e+00  0.00000000e+00  1.20000000e+00  1.86080000e-01  2.21282215e-08  1.19999991e+00 
 9.27740000e-08  1.19004423e+00  1.20048671e+00  0.00000000e+00  0.00000000e+00  1.20000000e+00  1.78080000e-01  2.38900492e-08  1.19999991e+00 
 9.28740000e-08  1.19004354e+00  1.20048667e+00  0.00000000e+00  0.00000000e+00  1.20000000e+00  1.70080000e-01  2.20918772e-08  1.19999991e+00 
 9.29740000e-08  1.19004286e+00  1.20048664e+00  0.00000000e+00  0.00000000e+00  1.20000000e+00  1.62080000e-01  2.39225552e-08  1.19999991e+00 
 9.30740000e-08  1.19004218e+00  1.20048660e+00  0.00000000e+00  0.00000000e+00  1.20000000e+00  1.54080000e-01  2.20628578e-08  1.19999991e+00 
 9.31740000e-08  1.19004150e+00  1.20048656e+00  0.00000000e+00  0.00000000e+00  1.20000000e+00  1.46080000e-01  2.39483769e-08  1.19999991e+00 
 9.32740000e-08  1.19004082e+00  1.20048652e+00  0.00000000e+00  0.00000000e+00  1.20000000e+00  1.38080000e-01  2.20399392e-08  1.19999991e+00 
 9.33740000e-08  1.19004014e+00  1.20048648e+00  0.00000000e+00  0.00000000e+00  1.20000000e+00  1.30080000e-01  2.39686254e-08  1.19999991e+00 
 9.34740000e-08  1.19003947e+00  1.20048644e+00  0.00000000e+00  0.00000000e+00  1.20000000e+00  1.22080000e-01  2.20221125e-08  1.19999991e+00 
 9.35740000e-08  1.19003879e+00  1.20048640e+00  0.00000000e+00  0.00000000e+00  1.20000000e+00  1.14080000e-01  2.39842251e-08  1.19999991e+00 
 9.36740000e-08  1.19003812e+00  1.20048636e+00  0.00000000e+00  0.00000000e+00  1.20000000e+00  1.06080000e-01  2.20085278e-08  1.19999991e+00 
 9.37740000e-08  1.19003745e+00  1.20048632e+00  0.00000000e+00  0.00000000e+00  1.20000000e+00  9.80800000e-02  2.39959553e-08  1.19999991e+00 
 9.38740000e-08  1.19003678e+00  1.20048629e+00  0.00000000e+00  0.00000000e+00  1.20000000e+00  9.00800000e-02  2.19984743e-08  1.19999991e+00 
 9.39740000e-08  1.19003612e+00  1.20048625e+00  0.00000000e+00  0.00000000e+00  1.20000000e+00  8.20800000e-02  2.40044622e-08  1.19999991e+00 
 9.40740000e-08  1.19003545e+00  1.20048621e+00  0.00000000e+00  0.00000000e+00  1.20000000e+00  7.40800000e-02  2.19913599e-08  1.19999991e+00 
 9.41740000e-08  1.19003479e+00  1.20048617e+00  0.00000000e+00  0.00000000e+00  1.20000000e+00  6.60800000e-02  2.40102890e-08  1.19999991e+00 
 9.42740000e-08  1.19003413e+00  1.20048613e+00  0.00000000e+00  0.00000000e+00  1.20000000e+00  5.80800000e-02  2.19866905e-08  1.19999991e+00 
 9.43740000e-08  1.19003347e+00  1.20048609e+00  0.00000000e+00  0.00000000e+00  1.20000000e+00  5.00800000e-02  2.40138874e-08  1.19999991e+00 
 9.44740000e-08  1.19003281e+00  1.20048605e+00  0.00000000e+00  0.00000000e+00  1.20000000e+00  4.20800000e-02  2.19840546e-08  1.19999991e+00 
 9.45740000e-08  1.19003215e+00  1.20048602e+00  0.00000000e+00  0.00000000e+00  1.20000000e+00  3.40800000e-02  2.40156302e-08  1.19999991e+00 
 9.46740000e-08  1.19003149e+00  1.20048598e+00  0.00000000e+00  0.00000000e+00  1.20000000e+00  2.60800000e-02  2.19831076e-08  1.19999991e+00 
 9.47740000e-08  1.19003084e+00  1.20048594e+00  0.00000000e+00  0.00000000e+00  1.20000000e+00  1.80800000e-02  2.40158359e-08  1.19999991e+00 
 9.48740000e-08  1.19003019e+00  1.20048590e+00  0.00000000e+00  0.00000000e+00  1.20000000e+00  1.00800000e-02  2.19835606e-08  1.19999991e+00 
 9.49740000e-08  1.19002954e+00  1.20048586e+00  0.00000000e+00  0.00000000e+00  1.20000000e+00  2.08000000e-03  2.40147651e-08  1.19999991e+00 
 9.50000000e-08  1.19002937e+00  1.20048585e+00  0.00000000e+00  0.00000000e+00  1.20000000e+00  0.00000000e+00  2.19890227e-08  1.19999991e+00 
 9.50100000e-08  1.19002931e+00  1.20048586e+00  0.00000000e+00  0.00000000e+00  1.20000000e+00  0.00000000e+00  2.29949445e-08  1.19999991e+00 
 9.50300000e-08  1.19002918e+00  1.20048584e+00  0.00000000e+00  0.00000000e+00  1.20000000e+00  0.00000000e+00  2.30041272e-08  1.19999991e+00 
 9.50700000e-08  1.19002892e+00  1.20048582e+00  0.00000000e+00  0.00000000e+00  1.20000000e+00  0.00000000e+00  2.29951096e-08  1.19999991e+00 
 9.51500000e-08  1.19002840e+00  1.20048580e+00  0.00000000e+00  0.00000000e+00  1.20000000e+00  0.00000000e+00  2.30038271e-08  1.19999991e+00 
 9.52500000e-08  1.19002775e+00  1.20048575e+00  0.00000000e+00  0.00000000e+00  1.20000000e+00  0.00000000e+00  2.29951781e-08  1.19999991e+00 
 9.53500000e-08  1.19002711e+00  1.20048572e+00  0.00000000e+00  0.00000000e+00  1.20000000e+00  0.00000000e+00  2.30038268e-08  1.19999991e+00 
 9.54500000e-08  1.19002646e+00  1.20048568e+00  0.00000000e+00  0.00000000e+00  1.20000000e+00  0.00000000e+00  2.29951160e-08  1.19999991e+00 
 9.55500000e-08  1.19002582e+00  1.20048564e+00  0.00000000e+00  0.00000000e+00  1.20000000e+00  0.00000000e+00  2.30039286e-08  1.19999991e+00 
 9.56500000e-08  1.19002518e+00  1.20048560e+00  0.00000000e+00  0.00000000e+00  1.20000000e+00  0.00000000e+00  2.29949642e-08  1.19999991e+00 
 9.57500000e-08  1.19002455e+00  1.20048557e+00  0.00000000e+00  0.00000000e+00  1.20000000e+00  0.00000000e+00  2.30041058e-08  1.19999991e+00 
 9.58500000e-08  1.19002391e+00  1.20048553e+00  0.00000000e+00  0.00000000e+00  1.20000000e+00  0.00000000e+00  2.29947535e-08  1.19999991e+00 
 9.59500000e-08  1.19002328e+00  1.20048549e+00  0.00000000e+00  0.00000000e+00  1.20000000e+00  0.00000000e+00  2.30043291e-08  1.19999991e+00 
 9.60500000e-08  1.19002264e+00  1.20048545e+00  0.00000000e+00  0.00000000e+00  1.20000000e+00  0.00000000e+00  2.29945045e-08  1.19999991e+00 
 9.61500000e-08  1.19002201e+00  1.20048542e+00  0.00000000e+00  0.00000000e+00  1.20000000e+00  0.00000000e+00  2.30045834e-08  1.19999991e+00 
 9.62500000e-08  1.19002138e+00  1.20048538e+00  0.00000000e+00  0.00000000e+00  1.20000000e+00  0.00000000e+00  2.29942324e-08  1.19999991e+00 
 9.63500000e-08  1.19002075e+00  1.20048534e+00  0.00000000e+00  0.00000000e+00  1.20000000e+00  0.00000000e+00  2.30048508e-08  1.19999991e+00 
 9.64500000e-08  1.19002012e+00  1.20048530e+00  0.00000000e+00  0.00000000e+00  1.20000000e+00  0.00000000e+00  2.29939575e-08  1.19999991e+00 
 9.65500000e-08  1.19001950e+00  1.20048526e+00  0.00000000e+00  0.00000000e+00  1.20000000e+00  0.00000000e+00  2.30051157e-08  1.19999991e+00 
 9.66500000e-08  1.19001887e+00  1.20048522e+00  0.00000000e+00  0.00000000e+00  1.20000000e+00  0.00000000e+00  2.29936883e-08  1.19999991e+00 
 9.67500000e-08  1.19001825e+00  1.20048519e+00  0.00000000e+00  0.00000000e+00  1.20000000e+00  0.00000000e+00  2.30053727e-08  1.19999991e+00 
 9.68500000e-08  1.19001763e+00  1.20048515e+00  0.00000000e+00  0.00000000e+00  1.20000000e+00  0.00000000e+00  2.29934281e-08  1.19999991e+00 
 9.69500000e-08  1.19001701e+00  1.20048511e+00  0.00000000e+00  0.00000000e+00  1.20000000e+00  0.00000000e+00  2.30056167e-08  1.19999991e+00 
 9.70500000e-08  1.19001639e+00  1.20048507e+00  0.00000000e+00  0.00000000e+00  1.20000000e+00  0.00000000e+00  2.29931856e-08  1.19999991e+00 
 9.71500000e-08  1.19001577e+00  1.20048504e+00  0.00000000e+00  0.00000000e+00  1.20000000e+00  0.00000000e+00  2.30058414e-08  1.19999991e+00 
 9.72500000e-08  1.19001515e+00  1.20048500e+00  0.00000000e+00  0.00000000e+00  1.20000000e+00  0.00000000e+00  2.29929629e-08  1.19999991e+00 
 9.73500000e-08  1.19001454e+00  1.20048496e+00  0.00000000e+00  0.00000000e+00  1.20000000e+00  0.00000000e+00  2.30060451e-08  1.19999991e+00 
 9.74500000e-08  1.19001393e+00  1.20048492e+00  0.00000000e+00  0.00000000e+00  1.20000000e+00  0.00000000e+00  2.29927633e-08  1.19999991e+00 
 9.75500000e-08  1.19001331e+00  1.20048489e+00  0.00000000e+00  0.00000000e+00  1.20000000e+00  0.00000000e+00  2.30062256e-08  1.19999991e+00 
 9.76500000e-08  1.19001270e+00  1.20048485e+00  0.00000000e+00  0.00000000e+00  1.20000000e+00  0.00000000e+00  2.29925846e-08  1.19999991e+00 
 9.77500000e-08  1.19001210e+00  1.20048481e+00  0.00000000e+00  0.00000000e+00  1.20000000e+00  0.00000000e+00  2.30063868e-08  1.19999991e+00 
 9.78500000e-08  1.19001149e+00  1.20048477e+00  0.00000000e+00  0.00000000e+00  1.20000000e+00  0.00000000e+00  2.29924249e-08  1.19999991e+00 
 9.79500000e-08  1.19001088e+00  1.20048474e+00  0.00000000e+00  0.00000000e+00  1.20000000e+00  0.00000000e+00  2.30065281e-08  1.19999991e+00 
 9.80500000e-08  1.19001028e+00  1.20048470e+00  0.00000000e+00  0.00000000e+00  1.20000000e+00  0.00000000e+00  2.29922856e-08  1.19999991e+00 
 9.81500000e-08  1.19000967e+00  1.20048466e+00  0.00000000e+00  0.00000000e+00  1.20000000e+00  0.00000000e+00  2.30066514e-08  1.19999991e+00 
 9.82500000e-08  1.19000907e+00  1.20048463e+00  0.00000000e+00  0.00000000e+00  1.20000000e+00  0.00000000e+00  2.29921643e-08  1.19999991e+00 
 9.83500000e-08  1.19000847e+00  1.20048459e+00  0.00000000e+00  0.00000000e+00  1.20000000e+00  0.00000000e+00  2.30067551e-08  1.19999991e+00 
 9.84500000e-08  1.19000787e+00  1.20048455e+00  0.00000000e+00  0.00000000e+00  1.20000000e+00  0.00000000e+00  2.29920626e-08  1.19999991e+00 
 9.85500000e-08  1.19000727e+00  1.20048451e+00  0.00000000e+00  0.00000000e+00  1.20000000e+00  0.00000000e+00  2.30068393e-08  1.19999991e+00 
 9.86500000e-08  1.19000668e+00  1.20048448e+00  0.00000000e+00  0.00000000e+00  1.20000000e+00  0.00000000e+00  2.29919784e-08  1.19999991e+00 
 9.87500000e-08  1.19000608e+00  1.20048444e+00  0.00000000e+00  0.00000000e+00  1.20000000e+00  0.00000000e+00  2.30069097e-08  1.19999991e+00 
 9.88500000e-08  1.19000549e+00  1.20048440e+00  0.00000000e+00  0.00000000e+00  1.20000000e+00  0.00000000e+00  2.29919068e-08  1.19999991e+00 
 9.89500000e-08  1.19000490e+00  1.20048437e+00  0.00000000e+00  0.00000000e+00  1.20000000e+00  0.00000000e+00  2.30069665e-08  1.19999991e+00 
 9.90000000e-08  1.19000460e+00  1.20048435e+00  0.00000000e+00  0.00000000e+00  1.20000000e+00  0.00000000e+00  2.29918264e-08  1.19999991e+00 
 9.90100000e-08  1.19028820e+00  1.20071924e+00  1.20000000e-02  6.00000000e-02  1.20000000e+00  0.00000000e+00  2.50734576e-04  1.20041475e+00 
 9.90300000e-08  1.19086428e+00  1.20118291e+00  3.60000000e-02  1.80000000e-01  1.20000000e+00  0.00000000e+00  3.17373605e-04  1.20072928e+00 
 9.90700000e-08  1.19199834e+00  1.20176336e+00  8.40000000e-02  4.20000000e-01  1.20000000e+00  0.00000000e+00  2.36119026e-04  1.20069769e+00 
 9.91500000e-08  1.19340857e+00  1.17763177e+00  1.80000000e-01  9.00000000e-01  1.20000000e+00  0.00000000e+00  3.07484094e-04  1.20074234e+00 
 9.92000000e-08  1.19383419e+00  1.13536447e+00  2.40000000e-01  1.20000000e+00  1.20000000e+00  0.00000000e+00  2.55124644e-04  1.20071513e+00 
 9.92100000e-08  1.19365806e+00  1.12435714e+00  2.52000000e-01  1.20000000e+00  1.20000000e+00  0.00000000e+00  2.79111312e-04  1.20072920e+00 
 9.92300000e-08  1.19338337e+00  1.10243706e+00  2.76000000e-01  1.20000000e+00  1.20000000e+00  0.00000000e+00  2.95734859e-04  1.20073750e+00 
 9.92700000e-08  1.19309119e+00  1.05879593e+00  3.24000000e-01  1.20000000e+00  1.20000000e+00  0.00000000e+00  3.37079234e-04  1.20074319e+00 
 9.93500000e-08  1.19276754e+00  9.71829476e-01  4.20000000e-01  1.20000000e+00  1.20000000e+00  0.00000000e+00  1.06901775e-03  1.20081287e+00 
 9.94500000e-08  1.19223659e+00  8.63866268e-01  5.40000000e-01  1.20000000e+00  1.20000000e+00  0.00000000e+00  7.06285632e-03  1.20118795e+00 
 9.95500000e-08  1.19088849e+00  7.56911748e-01  6.60000000e-01  1.20000000e+00  1.20000000e+00  0.00000000e+00  2.23352210e-02  1.20170833e+00 
 9.96500000e-08  1.18807263e+00  6.51429998e-01  7.80000000e-01  1.20000000e+00  1.20000000e+00  0.00000000e+00  4.51053014e-02  1.20202968e+00 
 9.97500000e-08  1.18343109e+00  5.48313751e-01  9.00000000e-01  1.20000000e+00  1.20000000e+00  0.00000000e+00  7.29653599e-02  1.20229903e+00 
 9.98500000e-08  1.17685853e+00  4.49589135e-01  1.02000000e+00  1.20000000e+00  1.20000000e+00  0.00000000e+00  1.06142008e-01  1.19071161e+00 
 9.99500000e-08  1.16873812e+00  3.59476943e-01  1.14000000e+00  1.20000000e+00  1.20000000e+00  0.00000000e+00  1.66486501e-01  1.07164247e+00 
 1.00000000e-07  1.16478100e+00  3.19102256e-01  1.20000000e+00  1.20000000e+00  1.20000000e+00  0.00000000e+00  2.64208875e-01  8.89816182e-01 
 1.00010000e-07  1.16417204e+00  3.11505117e-01  1.20000000e+00  1.20000000e+00  1.20000000e+00  0.00000000e+00  2.99339204e-01  8.29306085e-01 
 1.00030000e-07  1.16318955e+00  2.96540750e-01  1.20000000e+00  1.20000000e+00  1.20000000e+00  0.00000000e+00  3.84349146e-01  6.84303123e-01 
 1.00070000e-07  1.16244875e+00  2.67492903e-01  1.20000000e+00  1.20000000e+00  1.20000000e+00  0.00000000e+00  6.54223815e-01  3.31945160e-01 
 1.00150000e-07  1.16254422e+00  2.11461004e-01  1.20000000e+00  1.20000000e+00  1.20000000e+00  0.00000000e+00  1.16316002e+00  8.52695335e-02 
 1.00250000e-07  1.16274229e+00  1.50967250e-01  1.20000000e+00  1.20000000e+00  1.20000000e+00  0.00000000e+00  1.22025800e+00  6.45059840e-02 
 1.00350000e-07  1.16295110e+00  1.05437780e-01  1.20000000e+00  1.20000000e+00  1.20000000e+00  0.00000000e+00  1.18515441e+00  4.36155570e-02 
 1.00450000e-07  1.16316825e+00  7.25810091e-02  1.20000000e+00  1.20000000e+00  1.20000000e+00  0.00000000e+00  1.20872599e+00  3.48766336e-02 
 1.00550000e-07  1.16339192e+00  4.94503963e-02  1.20000000e+00  1.20000000e+00  1.20000000e+00  0.00000000e+00  1.19309387e+00  1.94582190e-02 
 1.00650000e-07  1.16362085e+00  3.34753323e-02  1.20000000e+00  1.20000000e+00  1.20000000e+00  0.00000000e+00  1.20437561e+00  1.79377929e-02 
 1.00750000e-07  1.16385388e+00  2.25651133e-02  1.20000000e+00  1.20000000e+00  1.20000000e+00  0.00000000e+00  1.19632807e+00  7.56231802e-03 
 1.00850000e-07  1.16409031e+00  1.51659882e-02  1.20000000e+00  1.20000000e+00  1.20000000e+00  0.00000000e+00  1.20256288e+00  9.54002562e-03 
 1.00950000e-07  1.16432932e+00  1.01800751e-02  1.20000000e+00  1.20000000e+00  1.20000000e+00  0.00000000e+00  1.19775236e+00  2.15080185e-03 
 1.01050000e-07  1.16457052e+00  6.82106150e-03  1.20000000e+00  1.20000000e+00  1.20000000e+00  0.00000000e+00  1.20173487e+00  5.51804555e-03 
 1.01150000e-07  1.16481328e+00  4.57350349e-03  1.20000000e+00  1.20000000e+00  1.20000000e+00  0.00000000e+00  1.19843077e+00 -1.79536169e-04 
 1.01250000e-07  1.16505741e+00  3.06054381e-03  1.20000000e+00  1.20000000e+00  1.20000000e+00  0.00000000e+00  1.20131433e+00  3.56837366e-03 
 1.01350000e-07  1.16530241e+00  2.05401327e-03  1.20000000e+00  1.20000000e+00  1.20000000e+00  0.00000000e+00  1.19878857e+00 -1.10911983e-03 
 1.01450000e-07  1.16554818e+00  1.37395320e-03  1.20000000e+00  1.20000000e+00  1.20000000e+00  0.00000000e+00  1.20107094e+00  2.57767003e-03 
 1.01550000e-07  1.16579432e+00  9.25091092e-04  1.20000000e+00  1.20000000e+00  1.20000000e+00  0.00000000e+00  1.19900304e+00 -1.41820290e-03 
 1.01650000e-07  1.16604080e+00  6.18875727e-04  1.20000000e+00  1.20000000e+00  1.20000000e+00  0.00000000e+00  1.20090899e+00  2.03126977e-03 
 1.01750000e-07  1.16628727e+00  4.19625715e-04  1.20000000e+00  1.20000000e+00  1.20000000e+00  0.00000000e+00  1.19914984e+00 -1.45997250e-03 
 1.01850000e-07  1.16653376e+00  2.80923541e-04  1.20000000e+00  1.20000000e+00  1.20000000e+00  0.00000000e+00  1.20078769e+00  1.69488419e-03 
 1.01950000e-07  1.16677995e+00  1.93156000e-04  1.20000000e+00  1.20000000e+00  1.20000000e+00  0.00000000e+00  1.19926191e+00 -1.39214994e-03 
 1.02050000e-07  1.16702592e+00  1.29639840e-04  1.20000000e+00  1.20000000e+00  1.20000000e+00  0.00000000e+00  1.20068663e+00  1.45989351e-03 
 1.02150000e-07  1.16727136e+00  9.17254327e-05  1.20000000e+00  1.20000000e+00  1.20000000e+00  0.00000000e+00  1.19935110e+00 -1.28654806e-03 
 1.02250000e-07  1.16751638e+00  6.19292165e-05  1.20000000e+00  1.20000000e+00  1.20000000e+00  0.00000000e+00  1.20060314e+00  1.28262700e-03 
 1.02350000e-07  1.16776068e+00  4.59869118e-05  1.20000000e+00  1.20000000e+00  1.20000000e+00  0.00000000e+00  1.19943052e+00 -1.16834341e-03 
 1.02450000e-07  1.16800440e+00  3.13481319e-05  1.20000000e+00  1.20000000e+00  1.20000000e+00  0.00000000e+00  1.20053028e+00  1.13747118e-03 
 1.02550000e-07  1.16824727e+00  2.51240749e-05  1.20000000e+00  1.20000000e+00  1.20000000e+00  0.00000000e+00  1.19949996e+00 -1.05317097e-03 
 1.02650000e-07  1.16848942e+00  1.74056060e-05  1.20000000e+00  1.20000000e+00  1.20000000e+00  0.00000000e+00  1.20046586e+00  1.01353038e-03 
 1.02750000e-07  1.16873060e+00  1.54339050e-05  1.20000000e+00  1.20000000e+00  1.20000000e+00  0.00000000e+00  1.19956136e+00 -9.45866746e-04 
 1.02850000e-07  1.16897096e+00  1.09384030e-05  1.20000000e+00  1.20000000e+00  1.20000000e+00  0.00000000e+00  1.20040854e+00  9.05222508e-04 
 1.02950000e-07  1.16921025e+00  1.07848199e-05  1.20000000e+00  1.20000000e+00  1.20000000e+00  0.00000000e+00  1.19961597e+00 -8.47909875e-04 
 1.03050000e-07  1.16944864e+00  7.84515143e-06  1.20000000e+00  1.20000000e+00  1.20000000e+00  0.00000000e+00  1.20035741e+00  8.09413018e-04 
 1.03150000e-07  1.16968588e+00  8.42928451e-06  1.20000000e+00  1.20000000e+00  1.20000000e+00  0.00000000e+00  1.19966465e+00 -7.59351722e-04 
 1.03250000e-07  1.16992215e+00  6.28719691e-06  1.20000000e+00  1.20000000e+00  1.20000000e+00  0.00000000e+00  1.20031172e+00  7.24127470e-04 
 1.03350000e-07  1.17015721e+00  7.13300860e-06  1.20000000e+00  1.20000000e+00  1.20000000e+00  0.00000000e+00  1.19970811e+00 -6.79669785e-04 
 1.03450000e-07  1.17039123e+00  5.43797478e-06  1.20000000e+00  1.20000000e+00  1.20000000e+00  0.00000000e+00  1.20027090e+00  6.47969443e-04 
 1.03550000e-07  1.17062399e+00  6.33899468e-06  1.20000000e+00  1.20000000e+00  1.20000000e+00  0.00000000e+00  1.19974692e+00 -6.08142315e-04 
 1.03650000e-07  1.17085566e+00  4.92410943e-06  1.20000000e+00  1.20000000e+00  1.20000000e+00  0.00000000e+00  1.20023441e+00  5.79854302e-04 
 1.03750000e-07  1.17108602e+00  5.79386679e-06  1.20000000e+00  1.20000000e+00  1.20000000e+00  0.00000000e+00  1.19978159e+00 -5.44009619e-04 
 1.03850000e-07  1.17131526e+00  4.57552853e-06  1.20000000e+00  1.20000000e+00  1.20000000e+00  0.00000000e+00  1.20020180e+00  5.18884677e-04 
 1.03950000e-07  1.17154315e+00  5.38073288e-06  1.20000000e+00  1.20000000e+00  1.20000000e+00  0.00000000e+00  1.19981254e+00 -4.86540748e-04 
 1.04000000e-07  1.17165670e+00  4.41106574e-06  1.20000000e+00  1.20000000e+00  1.20000000e+00  0.00000000e+00  1.20015924e+00  4.39213296e-04 
 1.04010000e-07  1.17166845e+00 -1.98049941e-05  1.14000000e+00  1.20000000e+00  1.20000000e+00  0.00000000e+00  1.19770078e+00 -1.16406801e-03 
 1.04030000e-07  1.17169191e+00 -6.77654353e-05  1.02000000e+00  1.20000000e+00  1.20000000e+00  0.00000000e+00  1.19583746e+00 -1.57773062e-03 
 1.04070000e-07  1.17173966e+00 -1.45816886e-04  7.80000000e-01  1.20000000e+00  1.20000000e+00  0.00000000e+00  1.19610194e+00 -1.40780788e-03 
 1.04150000e-07  1.17183872e+00 -2.25458424e-04  3.00000000e-01  1.20000000e+00  1.20000000e+00  0.00000000e+00  1.19620594e+00 -1.84237107e-03 
 1.04200000e-07  1.17190296e+00 -2.38491845e-04  0.00000000e+00  1.20000000e+00  1.20000000e+00  0.00000000e+00  1.19656402e+00 -9.96091685e-04 
 1.04210000e-07  1.17159560e+00 -8.81713560e-04  0.00000000e+00  1.14000000e+00  1.20000000e+00  0.00000000e+00  1.19851172e+00 -2.57381225e-05 
 1.04230000e-07  1.17098331e+00 -2.15379070e-03  0.00000000e+00  1.02000000e+00  1.20000000e+00  0.00000000e+00  1.20005764e+00  1.93596917e-04 
 1.04270000e-07  1.16978983e+00 -4.35988123e-03  0.00000000e+00  7.80000000e-01  1.20000000e+00  0.00000000e+00  1.19992641e+00 -1.48650787e-04 
 1.04350000e-07  1.16752183e+00 -7.45127447e-03  0.00000000e+00  3.00000000e-01  1.20000000e+00  0.00000000e+00  1.20007078e+00  1.31712391e-04 
 1.04400000e-07  1.16618026e+00 -8.76220076e-03  0.00000000e+00  0.00000000e+00  1.20000000e+00  0.00000000e+00  1.19993672e+00 -1.08962057e-04 
 1.04410000e-07  1.16620637e+00 -8.75387074e-03  0.00000000e+00  0.00000000e+00  1.20000000e+00  0.00000000e+00  1.19998954e+00 -2.03676464e-05 
 1.04430000e-07  1.16626237e+00 -8.74957454e-03  0.00000000e+00  0.00000000e+00  1.20000000e+00  0.00000000e+00  1.20000778e+00  1.26320247e-05 
 1.04470000e-07  1.16637335e+00 -8.75166928e-03  0.00000000e+00  0.00000000e+00  1.20000000e+00  0.00000000e+00  1.19999368e+00 -1.00554355e-05 
 1.04550000e-07  1.16659485e+00 -8.74826619e-03  0.00000000e+00  0.00000000e+00  1.20000000e+00  0.00000000e+00  1.20000547e+00  9.01007201e-06 
 1.04650000e-07  1.16686985e+00 -8.74887600e-03  0.00000000e+00  0.00000000e+00  1.20000000e+00  0.00000000e+00  1.19999484e+00 -8.20657382e-06 
 1.04750000e-07  1.16714321e+00 -8.74562634e-03  0.00000000e+00  0.00000000e+00  1.20000000e+00  0.00000000e+00  1.20000455e+00  7.52535345e-06 
 1.04850000e-07  1.16741459e+00 -8.74595189e-03  0.00000000e+00  0.00000000e+00  1.20000000e+00  0.00000000e+00  1.19999568e+00 -6.84953204e-06 
 1.04950000e-07  1.16768427e+00 -8.74305781e-03  0.00000000e+00  0.00000000e+00  1.20000000e+00  0.00000000e+00  1.20000378e+00  6.28512779e-06 
 1.05050000e-07  1.16795203e+00 -8.74314995e-03  0.00000000e+00  0.00000000e+00  1.20000000e+00  0.00000000e+00  1.19999638e+00 -5.71614173e-06 
 1.05150000e-07  1.16821805e+00 -8.74055832e-03  0.00000000e+00  0.00000000e+00  1.20000000e+00  0.00000000e+00  1.20000314e+00  5.24941994e-06 
 1.05250000e-07  1.16848217e+00 -8.74045911e-03  0.00000000e+00  0.00000000e+00  1.20000000e+00  0.00000000e+00  1.19999696e+00 -4.76972745e-06 
 1.05350000e-07  1.16874454e+00 -8.73812540e-03  0.00000000e+00  0.00000000e+00  1.20000000e+00  0.00000000e+00  1.20000261e+00  4.38462248e-06 
 1.05450000e-07  1.16900504e+00 -8.73786978e-03  0.00000000e+00  0.00000000e+00  1.20000000e+00  0.00000000e+00  1.19999745e+00 -3.97951982e-06 
 1.05550000e-07  1.16926377e+00 -8.73575651e-03  0.00000000e+00  0.00000000e+00  1.20000000e+00  0.00000000e+00  1.20000217e+00  3.66258110e-06 
 1.05650000e-07  1.16952066e+00 -8.73537358e-03  0.00000000e+00  0.00000000e+00  1.20000000e+00  0.00000000e+00  1.19999785e+00 -3.31976829e-06 
 1.05750000e-07  1.16977576e+00 -8.73344912e-03  0.00000000e+00  0.00000000e+00  1.20000000e+00  0.00000000e+00  1.20000179e+00  3.05975070e-06 
 1.05850000e-07  1.17002905e+00 -8.73296313e-03  0.00000000e+00  0.00000000e+00  1.20000000e+00  0.00000000e+00  1.19999819e+00 -2.76894882e-06 
 1.05950000e-07  1.17028054e+00 -8.73120078e-03  0.00000000e+00  0.00000000e+00  1.20000000e+00  0.00000000e+00  1.20000148e+00  2.55645767e-06 
 1.06050000e-07  1.17053025e+00 -8.73063190e-03  0.00000000e+00  0.00000000e+00  1.20000000e+00  0.00000000e+00  1.19999848e+00 -2.30908100e-06 
 1.06150000e-07  1.17077815e+00 -8.72900910e-03  0.00000000e+00  0.00000000e+00  1.20000000e+00  0.00000000e+00  1.20000123e+00  2.13627026e-06 
 1.06250000e-07  1.17102429e+00 -8.72837413e-03  0.00000000e+00  0.00000000e+00  1.20000000e+00  0.00000000e+00  1.19999871e+00 -1.92514912e-06 
 1.06350000e-07  1.17126862e+00 -8.72687174e-03  0.00000000e+00  0.00000000e+00  1.20000000e+00  0.00000000e+00  1.20000101e+00  1.78546725e-06 
 1.06450000e-07  1.17151122e+00 -8.72618464e-03  0.00000000e+00  0.00000000e+00  1.20000000e+00  0.00000000e+00  1.19999891e+00 -1.60461517e-06 
 1.06550000e-07  1.17175201e+00 -8.72478649e-03  0.00000000e+00  0.00000000e+00  1.20000000e+00  0.00000000e+00  1.20000083e+00  1.49259202e-06 
 1.06650000e-07  1.17199109e+00 -8.72405885e-03  0.00000000e+00  0.00000000e+00  1.20000000e+00  0.00000000e+00  1.19999908e+00 -1.33701080e-06 
 1.06750000e-07  1.17222837e+00 -8.72275120e-03  0.00000000e+00  0.00000000e+00  1.20000000e+00  0.00000000e+00  1.20000068e+00  1.24807930e-06 
 1.06850000e-07  1.17246394e+00 -8.72199262e-03  0.00000000e+00  0.00000000e+00  1.20000000e+00  0.00000000e+00  1.19999921e+00 -1.11359595e-06 
 1.06950000e-07  1.17269773e+00 -8.72076383e-03  0.00000000e+00  0.00000000e+00  1.20000000e+00  0.00000000e+00  1.20000055e+00  1.04394314e-06 
 1.07050000e-07  1.17292984e+00 -8.71998224e-03  0.00000000e+00  0.00000000e+00  1.20000000e+00  0.00000000e+00  1.19999933e+00 -9.27073702e-07 
 1.07150000e-07  1.17316016e+00 -8.71882241e-03  0.00000000e+00  0.00000000e+00  1.20000000e+00  0.00000000e+00  1.20000045e+00  8.73516196e-07 
 1.07250000e-07  1.17338883e+00 -8.71802437e-03  0.00000000e+00  0.00000000e+00  1.20000000e+00  0.00000000e+00  1.19999942e+00 -7.71352016e-07 
 1.07350000e-07  1.17361572e+00 -8.71692507e-03  0.00000000e+00  0.00000000e+00  1.20000000e+00  0.00000000e+00  1.20000036e+00  7.31232083e-07 
 1.07450000e-07  1.17384097e+00 -8.71611596e-03  0.00000000e+00  0.00000000e+00  1.20000000e+00  0.00000000e+00  1.19999950e+00 -6.41344794e-07 
 1.07550000e-07  1.17406446e+00 -8.71507002e-03  0.00000000e+00  0.00000000e+00  1.20000000e+00  0.00000000e+00  1.20000029e+00  6.12443573e-07 
 1.07650000e-07  1.17428633e+00 -8.71425427e-03  0.00000000e+00  0.00000000e+00  1.20000000e+00  0.00000000e+00  1.19999957e+00 -5.32805802e-07 
 1.07750000e-07  1.17450646e+00 -8.71325557e-03  0.00000000e+00  0.00000000e+00  1.20000000e+00  0.00000000e+00  1.20000023e+00  5.13270830e-07 
 1.07850000e-07  1.17472497e+00 -8.71243679e-03  0.00000000e+00  0.00000000e+00  1.20000000e+00  0.00000000e+00  1.19999963e+00 -4.42189995e-07 
 1.07950000e-07  1.17494176e+00 -8.71148010e-03  0.00000000e+00  0.00000000e+00  1.20000000e+00  0.00000000e+00  1.20000017e+00  4.30474702e-07 
 1.08050000e-07  1.17515696e+00 -8.71066124e-03  0.00000000e+00  0.00000000e+00  1.20000000e+00  0.00000000e+00  1.19999967e+00 -3.66537707e-07 
 1.08150000e-07  1.17537044e+00 -8.70974208e-03  0.00000000e+00  0.00000000e+00  1.20000000e+00  0.00000000e+00  1.20000013e+00  3.61350903e-07 
 1.08250000e-07  1.17558235e+00 -8.70892550e-03  0.00000000e+00  0.00000000e+00  1.20000000e+00  0.00000000e+00  1.19999971e+00 -3.03378005e-07 
 1.08350000e-07  1.17579256e+00 -8.70804003e-03  0.00000000e+00  0.00000000e+00  1.20000000e+00  0.00000000e+00  1.20000010e+00  3.03641721e-07 
 1.08450000e-07  1.17600122e+00 -8.70722767e-03  0.00000000e+00  0.00000000e+00  1.20000000e+00  0.00000000e+00  1.19999975e+00 -2.50647990e-07 
 1.08550000e-07  1.17620819e+00 -8.70637258e-03  0.00000000e+00  0.00000000e+00  1.20000000e+00  0.00000000e+00  1.20000007e+00  2.55462259e-07 
 1.08650000e-07  1.17641363e+00 -8.70556595e-03  0.00000000e+00  0.00000000e+00  1.20000000e+00  0.00000000e+00  1.19999977e+00 -2.06625408e-07 
 1.08750000e-07  1.17661741e+00 -8.70473841e-03  0.00000000e+00  0.00000000e+00  1.20000000e+00  0.00000000e+00  1.20000004e+00  2.15238872e-07 
 1.08850000e-07  1.17681967e+00 -8.70393871e-03  0.00000000e+00  0.00000000e+00  1.20000000e+00  0.00000000e+00  1.19999980e+00 -1.69872401e-07 
 1.08950000e-07  1.17702027e+00 -8.70313626e-03  0.00000000e+00  0.00000000e+00  1.20000000e+00  0.00000000e+00  1.20000002e+00  1.81657778e-07 
 1.09050000e-07  1.17721938e+00 -8.70234444e-03  0.00000000e+00  0.00000000e+00  1.20000000e+00  0.00000000e+00  1.19999981e+00 -1.39188551e-07 
 1.09150000e-07  1.17741686e+00 -8.70156494e-03  0.00000000e+00  0.00000000e+00  1.20000000e+00  0.00000000e+00  1.20000000e+00  1.53622136e-07 
 1.09250000e-07  1.17761286e+00 -8.70078173e-03  0.00000000e+00  0.00000000e+00  1.20000000e+00  0.00000000e+00  1.19999983e+00 -1.13571661e-07 
 1.09350000e-07  1.17780724e+00 -8.70002332e-03  0.00000000e+00  0.00000000e+00  1.20000000e+00  0.00000000e+00  1.19999999e+00  1.30216226e-07 
 1.09450000e-07  1.17800016e+00 -8.69924926e-03  0.00000000e+00  0.00000000e+00  1.20000000e+00  0.00000000e+00  1.19999984e+00 -9.21850231e-08 
 1.09550000e-07  1.17819149e+00 -8.69851034e-03  0.00000000e+00  0.00000000e+00  1.20000000e+00  0.00000000e+00  1.19999998e+00  1.10675549e-07 
 1.09650000e-07  1.17838137e+00 -8.69774581e-03  0.00000000e+00  0.00000000e+00  1.20000000e+00  0.00000000e+00  1.19999985e+00 -7.43301100e-08 
 1.09750000e-07  1.17856967e+00 -8.69702497e-03  0.00000000e+00  0.00000000e+00  1.20000000e+00  0.00000000e+00  1.19999997e+00  9.43618441e-08 
 1.09850000e-07  1.17875655e+00 -8.69627026e-03  0.00000000e+00  0.00000000e+00  1.20000000e+00  0.00000000e+00  1.19999986e+00 -5.94237368e-08 
 1.09950000e-07  1.17894187e+00 -8.69556624e-03  0.00000000e+00  0.00000000e+00  1.20000000e+00  0.00000000e+00  1.19999996e+00  8.07422575e-08 
 1.10050000e-07  1.17912578e+00 -8.69482152e-03  0.00000000e+00  0.00000000e+00  1.20000000e+00  0.00000000e+00  1.19999987e+00 -4.69790240e-08 
 1.10150000e-07  1.17930815e+00 -8.69413324e-03  0.00000000e+00  0.00000000e+00  1.20000000e+00  0.00000000e+00  1.19999995e+00  6.93719122e-08 
 1.10250000e-07  1.17948913e+00 -8.69339860e-03  0.00000000e+00  0.00000000e+00  1.20000000e+00  0.00000000e+00  1.19999988e+00 -3.65894884e-08 
 1.10350000e-07  1.17966858e+00 -8.69272509e-03  0.00000000e+00  0.00000000e+00  1.20000000e+00  0.00000000e+00  1.19999995e+00  5.98794087e-08 
 1.10450000e-07  1.17984667e+00 -8.69200055e-03  0.00000000e+00  0.00000000e+00  1.20000000e+00  0.00000000e+00  1.19999988e+00 -2.79157697e-08 
 1.10550000e-07  1.18002325e+00 -8.69134096e-03  0.00000000e+00  0.00000000e+00  1.20000000e+00  0.00000000e+00  1.19999994e+00  5.19546663e-08 
 1.10650000e-07  1.18019847e+00 -8.69062650e-03  0.00000000e+00  0.00000000e+00  1.20000000e+00  0.00000000e+00  1.19999989e+00 -2.06745469e-08 
 1.10750000e-07  1.18037222e+00 -8.68998005e-03  0.00000000e+00  0.00000000e+00  1.20000000e+00  0.00000000e+00  1.19999994e+00  4.53388115e-08 
 1.10850000e-07  1.18054462e+00 -8.68927560e-03  0.00000000e+00  0.00000000e+00  1.20000000e+00  0.00000000e+00  1.19999989e+00 -1.46292869e-08 
 1.10950000e-07  1.18071556e+00 -8.68864161e-03  0.00000000e+00  0.00000000e+00  1.20000000e+00  0.00000000e+00  1.19999993e+00  3.98157218e-08 
 1.11050000e-07  1.18088518e+00 -8.68794708e-03  0.00000000e+00  0.00000000e+00  1.20000000e+00  0.00000000e+00  1.19999989e+00 -9.58251277e-09 
 1.11150000e-07  1.18105336e+00 -8.68732493e-03  0.00000000e+00  0.00000000e+00  1.20000000e+00  0.00000000e+00  1.19999993e+00  3.52049635e-08 
 1.11250000e-07  1.18122023e+00 -8.68664018e-03  0.00000000e+00  0.00000000e+00  1.20000000e+00  0.00000000e+00  1.19999990e+00 -5.36936293e-09 
 1.11350000e-07  1.18138568e+00 -8.68602931e-03  0.00000000e+00  0.00000000e+00  1.20000000e+00  0.00000000e+00  1.19999993e+00  3.13559007e-08 
 1.11450000e-07  1.18154984e+00 -8.68535421e-03  0.00000000e+00  0.00000000e+00  1.20000000e+00  0.00000000e+00  1.19999990e+00 -1.85219817e-09 
 1.11550000e-07  1.18171259e+00 -8.68475411e-03  0.00000000e+00  0.00000000e+00  1.20000000e+00  0.00000000e+00  1.19999993e+00  2.81427681e-08 
 1.11650000e-07  1.18187408e+00 -8.68408849e-03  0.00000000e+00  0.00000000e+00  1.20000000e+00  0.00000000e+00  1.19999990e+00  1.08389738e-09 
 1.11750000e-07  1.18203418e+00 -8.68349870e-03  0.00000000e+00  0.00000000e+00  1.20000000e+00  0.00000000e+00  1.19999992e+00  2.54605629e-08 
 1.11850000e-07  1.18219303e+00 -8.68284239e-03  0.00000000e+00  0.00000000e+00  1.20000000e+00  0.00000000e+00  1.19999990e+00  3.53486492e-09 
 1.11950000e-07  1.18235050e+00 -8.68226249e-03  0.00000000e+00  0.00000000e+00  1.20000000e+00  0.00000000e+00  1.19999992e+00  2.32216352e-08 
 1.12050000e-07  1.18250675e+00 -8.68161531e-03  0.00000000e+00  0.00000000e+00  1.20000000e+00  0.00000000e+00  1.19999990e+00  5.58078853e-09 
 1.12150000e-07  1.18266164e+00 -8.68104491e-03  0.00000000e+00  0.00000000e+00  1.20000000e+00  0.00000000e+00  1.19999992e+00  2.13527993e-08 
 1.12250000e-07  1.18281532e+00 -8.68040668e-03  0.00000000e+00  0.00000000e+00  1.20000000e+00  0.00000000e+00  1.19999991e+00  7.28854074e-09 
 1.12350000e-07  1.18296766e+00 -8.67984542e-03  0.00000000e+00  0.00000000e+00  1.20000000e+00  0.00000000e+00  1.19999992e+00  1.97929553e-08 
 1.12450000e-07  1.18311881e+00 -8.67921594e-03  0.00000000e+00  0.00000000e+00  1.20000000e+00  0.00000000e+00  1.19999991e+00  8.71395318e-09 
 1.12550000e-07  1.18326864e+00 -8.67866350e-03  0.00000000e+00  0.00000000e+00  1.20000000e+00  0.00000000e+00  1.19999992e+00  1.84910935e-08 
 1.12650000e-07  1.18341729e+00 -8.67804259e-03  0.00000000e+00  0.00000000e+00  1.20000000e+00  0.00000000e+00  1.19999991e+00  9.90362842e-09 
 1.12750000e-07  1.18356464e+00 -8.67749865e-03  0.00000000e+00  0.00000000e+00  1.20000000e+00  0.00000000e+00  1.19999992e+00  1.74046290e-08 
 1.12850000e-07  1.18371083e+00 -8.67688612e-03  0.00000000e+00  0.00000000e+00  1.20000000e+00  0.00000000e+00  1.19999991e+00  1.08964801e-08 
 1.12950000e-07  1.18385574e+00 -8.67635039e-03  0.00000000e+00  0.00000000e+00  1.20000000e+00  0.00000000e+00  1.19999992e+00  1.64980080e-08 
 1.13050000e-07  1.18399950e+00 -8.67574606e-03  0.00000000e+00  0.00000000e+00  1.20000000e+00  0.00000000e+00  1.19999991e+00  1.17249930e-08 
 1.13150000e-07  1.18414200e+00 -8.67521828e-03  0.00000000e+00  0.00000000e+00  1.20000000e+00  0.00000000e+00  1.19999992e+00  1.57415492e-08 
 1.13250000e-07  1.18428337e+00 -8.67462196e-03  0.00000000e+00  0.00000000e+00  1.20000000e+00  0.00000000e+00  1.19999991e+00  1.24162875e-08 
 1.13350000e-07  1.18442350e+00 -8.67410187e-03  0.00000000e+00  0.00000000e+00  1.20000000e+00  0.00000000e+00  1.19999992e+00  1.51104733e-08 
 1.13450000e-07  1.18456251e+00 -8.67351338e-03  0.00000000e+00  0.00000000e+00  1.20000000e+00  0.00000000e+00  1.19999991e+00  1.29930056e-08 
 1.13550000e-07  1.18470030e+00 -8.67300075e-03  0.00000000e+00  0.00000000e+00  1.20000000e+00  0.00000000e+00  1.19999992e+00  1.45840854e-08 
 1.13650000e-07  1.18483699e+00 -8.67241991e-03  0.00000000e+00  0.00000000e+00  1.20000000e+00  0.00000000e+00  1.19999991e+00  1.34740612e-08 
 1.13750000e-07  1.18497247e+00 -8.67191452e-03  0.00000000e+00  0.00000000e+00  1.20000000e+00  0.00000000e+00  1.19999992e+00  1.41451134e-08 
 1.13850000e-07  1.18510688e+00 -8.67134115e-03  0.00000000e+00  0.00000000e+00  1.20000000e+00  0.00000000e+00  1.19999991e+00  1.38752242e-08 
 1.13950000e-07  1.18524009e+00 -8.67084278e-03  0.00000000e+00  0.00000000e+00  1.20000000e+00  0.00000000e+00  1.19999992e+00  1.37791418e-08 
 1.14050000e-07  1.18537223e+00 -8.67027672e-03  0.00000000e+00  0.00000000e+00  1.20000000e+00  0.00000000e+00  1.19999991e+00  1.42096802e-08 
 1.14150000e-07  1.18550320e+00 -8.66978518e-03  0.00000000e+00  0.00000000e+00  1.20000000e+00  0.00000000e+00  1.19999992e+00  1.34741225e-08 
 1.14250000e-07  1.18563313e+00 -8.66922625e-03  0.00000000e+00  0.00000000e+00  1.20000000e+00  0.00000000e+00  1.19999991e+00  1.44884304e-08 
 1.14350000e-07  1.18576190e+00 -8.66874135e-03  0.00000000e+00  0.00000000e+00  1.20000000e+00  0.00000000e+00  1.19999992e+00  1.32200078e-08 
 1.14450000e-07  1.18588963e+00 -8.66818940e-03  0.00000000e+00  0.00000000e+00  1.20000000e+00  0.00000000e+00  1.19999991e+00  1.47206545e-08 
 1.14550000e-07  1.18601622e+00 -8.66771095e-03  0.00000000e+00  0.00000000e+00  1.20000000e+00  0.00000000e+00  1.19999992e+00  1.30084072e-08 
 1.14650000e-07  1.18614180e+00 -8.66716582e-03  0.00000000e+00  0.00000000e+00  1.20000000e+00  0.00000000e+00  1.19999991e+00  1.49140236e-08 
 1.14750000e-07  1.18626626e+00 -8.66669365e-03  0.00000000e+00  0.00000000e+00  1.20000000e+00  0.00000000e+00  1.19999992e+00  1.28323095e-08 
 1.14850000e-07  1.18638971e+00 -8.66615519e-03  0.00000000e+00  0.00000000e+00  1.20000000e+00  0.00000000e+00  1.19999991e+00  1.50749443e-08 
 1.14950000e-07  1.18651206e+00 -8.66568914e-03  0.00000000e+00  0.00000000e+00  1.20000000e+00  0.00000000e+00  1.19999992e+00  1.26858695e-08 
 1.15050000e-07  1.18663342e+00 -8.66515720e-03  0.00000000e+00  0.00000000e+00  1.20000000e+00  0.00000000e+00  1.19999991e+00  1.52087500e-08 
 1.15150000e-07  1.18675369e+00 -8.66469712e-03  0.00000000e+00  0.00000000e+00  1.20000000e+00  0.00000000e+00  1.19999992e+00  1.25642030e-08 
 1.15250000e-07  1.18687299e+00 -8.66417154e-03  0.00000000e+00  0.00000000e+00  1.20000000e+00  0.00000000e+00  1.19999991e+00  1.53199128e-08 
 1.15350000e-07  1.18699121e+00 -8.66371727e-03  0.00000000e+00  0.00000000e+00  1.20000000e+00  0.00000000e+00  1.19999992e+00  1.24632316e-08 
 1.15450000e-07  1.18710848e+00 -8.66319793e-03  0.00000000e+00  0.00000000e+00  1.20000000e+00  0.00000000e+00  1.19999991e+00  1.54121575e-08 
 1.15550000e-07  1.18722469e+00 -8.66274933e-03  0.00000000e+00  0.00000000e+00  1.20000000e+00  0.00000000e+00  1.19999992e+00  1.23795437e-08 
 1.15650000e-07  1.18733997e+00 -8.66223609e-03  0.00000000e+00  0.00000000e+00  1.20000000e+00  0.00000000e+00  1.19999991e+00  1.54885989e-08 
 1.15750000e-07  1.18745419e+00 -8.66179303e-03  0.00000000e+00  0.00000000e+00  1.20000000e+00  0.00000000e+00  1.19999992e+00  1.23103046e-08 
 1.15850000e-07  1.18756750e+00 -8.66128575e-03  0.00000000e+00  0.00000000e+00  1.20000000e+00  0.00000000e+00  1.19999991e+00  1.55518283e-08 
 1.15950000e-07  1.18767977e+00 -8.66084808e-03  0.00000000e+00  0.00000000e+00  1.20000000e+00  0.00000000e+00  1.19999991e+00  1.22531358e-08 
 1.16050000e-07  1.18779114e+00 -8.66034664e-03  0.00000000e+00  0.00000000e+00  1.20000000e+00  0.00000000e+00  1.19999991e+00  1.56040182e-08 
 1.16150000e-07  1.18790149e+00 -8.65991425e-03  0.00000000e+00  0.00000000e+00  1.20000000e+00  0.00000000e+00  1.19999991e+00  1.22060584e-08 
 1.16250000e-07  1.18801095e+00 -8.65941853e-03  0.00000000e+00  0.00000000e+00  1.20000000e+00  0.00000000e+00  1.19999991e+00  1.56469788e-08 
 1.16350000e-07  1.18811941e+00 -8.65899128e-03  0.00000000e+00  0.00000000e+00  1.20000000e+00  0.00000000e+00  1.19999991e+00  1.21674188e-08 
 1.16450000e-07  1.18822699e+00 -8.65850116e-03  0.00000000e+00  0.00000000e+00  1.20000000e+00  0.00000000e+00  1.19999991e+00  1.56822170e-08 
 1.16550000e-07  1.18833359e+00 -8.65807894e-03  0.00000000e+00  0.00000000e+00  1.20000000e+00  0.00000000e+00  1.19999991e+00  1.21358383e-08 
 1.16650000e-07  1.18843932e+00 -8.65759430e-03  0.00000000e+00  0.00000000e+00  1.20000000e+00  0.00000000e+00  1.19999991e+00  1.57109990e-08 
 1.16750000e-07  1.18854408e+00 -8.65717700e-03  0.00000000e+00  0.00000000e+00  1.20000000e+00  0.00000000e+00  1.19999991e+00  1.21101587e-08 
 1.16850000e-07  1.18864799e+00 -8.65669772e-03  0.00000000e+00  0.00000000e+00  1.20000000e+00  0.00000000e+00  1.19999991e+00  1.57343792e-08 
 1.16950000e-07  1.18875095e+00 -8.65628523e-03  0.00000000e+00  0.00000000e+00  1.20000000e+00  0.00000000e+00  1.19999991e+00  1.20894171e-08 
 1.17050000e-07  1.18885307e+00 -8.65581121e-03  0.00000000e+00  0.00000000e+00  1.20000000e+00  0.00000000e+00  1.19999991e+00  1.57532417e-08 
 1.17150000e-07  1.18895425e+00 -8.65540343e-03  0.00000000e+00  0.00000000e+00  1.20000000e+00  0.00000000e+00  1.19999991e+00  1.20728047e-08 
 1.17250000e-07  1.18905461e+00 -8.65493456e-03  0.00000000e+00  0.00000000e+00  1.20000000e+00  0.00000000e+00  1.19999991e+00  1.57683183e-08 
 1.17350000e-07  1.18915404e+00 -8.65453137e-03  0.00000000e+00  0.00000000e+00  1.20000000e+00  0.00000000e+00  1.19999991e+00  1.20596536e-08 
 1.17450000e-07  1.18925266e+00 -8.65406755e-03  0.00000000e+00  0.00000000e+00  1.20000000e+00  0.00000000e+00  1.19999991e+00  1.57802300e-08 
 1.17550000e-07  1.18935037e+00 -8.65366887e-03  0.00000000e+00  0.00000000e+00  1.20000000e+00  0.00000000e+00  1.19999991e+00  1.20494007e-08 
 1.17650000e-07  1.18944728e+00 -8.65320999e-03  0.00000000e+00  0.00000000e+00  1.20000000e+00  0.00000000e+00  1.19999991e+00  1.57894785e-08 
 1.17750000e-07  1.18954330e+00 -8.65281572e-03  0.00000000e+00  0.00000000e+00  1.20000000e+00  0.00000000e+00  1.19999991e+00  1.20415832e-08 
 1.17850000e-07  1.18963853e+00 -8.65236170e-03  0.00000000e+00  0.00000000e+00  1.20000000e+00  0.00000000e+00  1.19999991e+00  1.57964972e-08 
 1.17950000e-07  1.18973288e+00 -8.65197173e-03  0.00000000e+00  0.00000000e+00  1.20000000e+00  0.00000000e+00  1.19999991e+00  1.20358008e-08 
 1.18050000e-07  1.18982645e+00 -8.65152247e-03  0.00000000e+00  0.00000000e+00  1.20000000e+00  0.00000000e+00  1.19999991e+00  1.58016497e-08 
 1.18150000e-07  1.18991916e+00 -8.65113673e-03  0.00000000e+00  0.00000000e+00  1.20000000e+00  0.00000000e+00  1.19999991e+00  1.20317305e-08 
 1.18250000e-07  1.19001111e+00 -8.65069214e-03  0.00000000e+00  0.00000000e+00  1.20000000e+00  0.00000000e+00  1.19999991e+00  1.58052271e-08 
 1.18350000e-07  1.19010221e+00 -8.65031053e-03  0.00000000e+00  0.00000000e+00  1.20000000e+00  0.00000000e+00  1.19999991e+00  1.20290997e-08 
 1.18450000e-07  1.19019256e+00 -8.64987052e-03  0.00000000e+00  0.00000000e+00  1.20000000e+00  0.00000000e+00  1.19999991e+00  1.58074849e-08 
 1.18550000e-07  1.19028206e+00 -8.64949297e-03  0.00000000e+00  0.00000000e+00  1.20000000e+00  0.00000000e+00  1.19999991e+00  1.20276796e-08 
 1.18650000e-07  1.19037083e+00 -8.64905745e-03  0.00000000e+00  0.00000000e+00  1.20000000e+00  0.00000000e+00  1.19999991e+00  1.58086239e-08 
 1.18750000e-07  1.19045878e+00 -8.64868387e-03  0.00000000e+00  0.00000000e+00  1.20000000e+00  0.00000000e+00  1.19999991e+00  1.20272805e-08 
 1.18850000e-07  1.19054600e+00 -8.64825275e-03  0.00000000e+00  0.00000000e+00  1.20000000e+00  0.00000000e+00  1.19999991e+00  1.58088268e-08 
 1.18950000e-07  1.19063241e+00 -8.64788307e-03  0.00000000e+00  0.00000000e+00  1.20000000e+00  0.00000000e+00  1.19999991e+00  1.20277418e-08 
 1.19050000e-07  1.19071810e+00 -8.64745628e-03  0.00000000e+00  0.00000000e+00  1.20000000e+00  0.00000000e+00  1.19999991e+00  1.58082369e-08 
 1.19150000e-07  1.19080300e+00 -8.64709041e-03  0.00000000e+00  0.00000000e+00  1.20000000e+00  0.00000000e+00  1.19999991e+00  1.20289275e-08 
 1.19250000e-07  1.19088719e+00 -8.64666788e-03  0.00000000e+00  0.00000000e+00  1.20000000e+00  0.00000000e+00  1.19999991e+00  1.58069779e-08 
 1.19350000e-07  1.19097060e+00 -8.64630575e-03  0.00000000e+00  0.00000000e+00  1.20000000e+00  0.00000000e+00  1.19999991e+00  1.20307280e-08 
 1.19450000e-07  1.19105332e+00 -8.64588738e-03  0.00000000e+00  0.00000000e+00  1.20000000e+00  0.00000000e+00  1.19999991e+00  1.58051456e-08 
 1.19550000e-07  1.19113526e+00 -8.64552892e-03  0.00000000e+00  0.00000000e+00  1.20000000e+00  0.00000000e+00  1.19999991e+00  1.20330539e-08 
 1.19650000e-07  1.19121653e+00 -8.64511466e-03  0.00000000e+00  0.00000000e+00  1.20000000e+00  0.00000000e+00  1.19999991e+00  1.58028314e-08 
 1.19750000e-07  1.19129703e+00 -8.64475980e-03  0.00000000e+00  0.00000000e+00  1.20000000e+00  0.00000000e+00  1.19999991e+00  1.20358212e-08 
 1.19850000e-07  1.19137687e+00 -8.64434955e-03  0.00000000e+00  0.00000000e+00  1.20000000e+00  0.00000000e+00  1.19999991e+00  1.58001092e-08 
 1.19950000e-07  1.19145596e+00 -8.64399823e-03  0.00000000e+00  0.00000000e+00  1.20000000e+00  0.00000000e+00  1.19999991e+00  1.20389629e-08 
 1.19999000e-07  1.19149449e+00 -8.64378451e-03  0.00000000e+00  0.00000000e+00  1.20000000e+00  0.00000000e+00  1.19999991e+00  1.57952179e-08 
 1.19999100e-07  1.19144570e+00 -8.68315256e-03  0.00000000e+00  0.00000000e+00  1.08000000e+00  0.00000000e+00  1.19999823e+00 -1.51185059e-06 
 1.19999300e-07  1.19133975e+00 -8.76901721e-03  0.00000000e+00  0.00000000e+00  8.40000000e-01  0.00000000e+00  1.19999651e+00 -3.16996719e-06 
 1.19999700e-07  1.19103906e+00 -8.98609472e-03  0.00000000e+00  0.00000000e+00  3.60000000e-01  0.00000000e+00  1.19999547e+00 -3.93920622e-06 
 1.20000000e-07  1.19078309e+00 -9.14926454e-03  0.00000000e+00  0.00000000e+00  0.00000000e+00  0.00000000e+00  1.19999594e+00 -3.24325997e-06 
 1.20000080e-07  1.19077781e+00 -9.13823482e-03  0.00000000e+00  0.00000000e+00  0.00000000e+00  0.00000000e+00  1.19999854e+00 -8.12472222e-07 
 1.20000240e-07  1.19077778e+00 -9.10838534e-03  0.00000000e+00  0.00000000e+00  0.00000000e+00  0.00000000e+00  1.20000157e+00  2.15232156e-06 
 1.20000560e-07  1.19078046e+00 -9.04698321e-03  0.00000000e+00  0.00000000e+00  0.00000000e+00  0.00000000e+00  1.20000145e+00  2.37543671e-06 
 1.20001200e-07  1.19078309e+00 -8.92606888e-03  0.00000000e+00  0.00000000e+00  0.00000000e+00  0.00000000e+00  1.20000086e+00  1.61365507e-06 
 1.20002480e-07  1.19079086e+00 -8.68258321e-03  0.00000000e+00  0.00000000e+00  0.00000000e+00  0.00000000e+00  1.20000058e+00  1.00863491e-06 
 1.20005040e-07  1.19080385e+00 -8.19746744e-03  0.00000000e+00  0.00000000e+00  0.00000000e+00  0.00000000e+00  1.20000001e+00  2.15148349e-07 
 1.20010160e-07  1.19083206e+00 -7.22589827e-03  0.00000000e+00  0.00000000e+00  0.00000000e+00  0.00000000e+00  1.19999998e+00  4.85001074e-08 
 1.20020400e-07  1.19088572e+00 -5.28500480e-03  0.00000000e+00  0.00000000e+00  0.00000000e+00  0.00000000e+00  1.19999985e+00 -3.04896771e-08 
 1.20040880e-07  1.19099445e+00 -1.40357781e-03  0.00000000e+00  0.00000000e+00  0.00000000e+00  0.00000000e+00  1.19999998e+00  6.06206697e-08 
 1.20081840e-07  1.19120576e+00  6.34954942e-03  0.00000000e+00  0.00000000e+00  0.00000000e+00  0.00000000e+00  1.19999985e+00 -3.09195460e-08 
 1.20163760e-07  1.19161603e+00  2.18249621e-02  0.00000000e+00  0.00000000e+00  0.00000000e+00  0.00000000e+00  1.19999998e+00  6.33580729e-08 
 1.20263760e-07  1.19208951e+00  4.06552229e-02  0.00000000e+00  0.00000000e+00  0.00000000e+00  0.00000000e+00  1.19999985e+00 -2.92612670e-08 
 1.20363760e-07  1.19253790e+00  5.94205906e-02  0.00000000e+00  0.00000000e+00  0.00000000e+00  0.00000000e+00  1.19999998e+00  6.48043439e-08 
 1.20463760e-07  1.19295950e+00  7.81177388e-02  0.00000000e+00  0.00000000e+00  0.00000000e+00  0.00000000e+00  1.19999985e+00 -2.87825033e-08 
 1.20563760e-07  1.19335889e+00  9.67480195e-02  0.00000000e+00  0.00000000e+00  0.00000000e+00  0.00000000e+00  1.19999998e+00  6.53740307e-08 
 1.20663760e-07  1.19373422e+00  1.15307973e-01  0.00000000e+00  0.00000000e+00  0.00000000e+00  0.00000000e+00  1.19999985e+00 -2.86119740e-08 
 1.20763760e-07  1.19408993e+00  1.33798854e-01  0.00000000e+00  0.00000000e+00  0.00000000e+00  0.00000000e+00  1.19999998e+00  6.57004723e-08 
 1.20863760e-07  1.19442403e+00  1.52217055e-01  0.00000000e+00  0.00000000e+00  0.00000000e+00  0.00000000e+00  1.19999985e+00 -2.84724355e-08 
 1.20963760e-07  1.19474081e+00  1.70563721e-01  0.00000000e+00  0.00000000e+00  0.00000000e+00  0.00000000e+00  1.19999998e+00  6.59295163e-08 
 1.21063760e-07  1.19503816e+00  1.88835076e-01  0.00000000e+00  0.00000000e+00  0.00000000e+00  0.00000000e+00  1.19999985e+00 -2.83099691e-08 
 1.21163760e-07  1.19532025e+00  2.07032140e-01  0.00000000e+00  0.00000000e+00  0.00000000e+00  0.00000000e+00  1.19999998e+00  6.61014506e-08 
 1.21263760e-07  1.19558486e+00  2.25150949e-01  0.00000000e+00  0.00000000e+00  0.00000000e+00  0.00000000e+00  1.19999985e+00 -2.81174193e-08 
 1.21363760e-07  1.19583604e+00  2.43192380e-01  0.00000000e+00  0.00000000e+00  0.00000000e+00  0.00000000e+00  1.19999998e+00  6.62317477e-08 
 1.21463760e-07  1.19607148e+00  2.61152260e-01  0.00000000e+00  0.00000000e+00  0.00000000e+00  0.00000000e+00  1.19999985e+00 -2.78977824e-08 
 1.21563760e-07  1.19629514e+00  2.79031302e-01  0.00000000e+00  0.00000000e+00  0.00000000e+00  0.00000000e+00  1.19999998e+00  6.63287422e-08 
 1.21663760e-07  1.19650460e+00  2.96825102e-01  0.00000000e+00  0.00000000e+00  0.00000000e+00  0.00000000e+00  1.19999985e+00 -2.76559470e-08 
 1.21763760e-07  1.19670375e+00  3.14534185e-01  0.00000000e+00  0.00000000e+00  0.00000000e+00  0.00000000e+00  1.19999998e+00  6.63980983e-08 
 1.21863760e-07  1.19689008e+00  3.32153885e-01  0.00000000e+00  0.00000000e+00  0.00000000e+00  0.00000000e+00  1.19999985e+00 -2.73967231e-08 
 1.21963760e-07  1.19706740e+00  3.49684510e-01  0.00000000e+00  0.00000000e+00  0.00000000e+00  0.00000000e+00  1.19999998e+00  6.64441738e-08 
 1.22063760e-07  1.19723316e+00  3.67121096e-01  0.00000000e+00  0.00000000e+00  0.00000000e+00  0.00000000e+00  1.19999985e+00 -2.71243876e-08 
 1.22163760e-07  1.19739108e+00  3.84463688e-01  0.00000000e+00  0.00000000e+00  0.00000000e+00  0.00000000e+00  1.19999998e+00  6.64704296e-08 
 1.22263760e-07  1.19753857e+00  4.01706958e-01  0.00000000e+00  0.00000000e+00  0.00000000e+00  0.00000000e+00  1.19999985e+00 -2.68426461e-08 
 1.22363760e-07  1.19767932e+00  4.18850610e-01  0.00000000e+00  0.00000000e+00  0.00000000e+00  0.00000000e+00  1.19999998e+00  6.64796055e-08 
 1.22463760e-07  1.19781072e+00  4.35888827e-01  0.00000000e+00  0.00000000e+00  0.00000000e+00  0.00000000e+00  1.19999985e+00 -2.65548500e-08 
 1.22563760e-07  1.19793648e+00  4.52820776e-01  0.00000000e+00  0.00000000e+00  0.00000000e+00  0.00000000e+00  1.19999998e+00  6.64735796e-08 
 1.22663760e-07  1.19805408e+00  4.69639835e-01  0.00000000e+00  0.00000000e+00  0.00000000e+00  0.00000000e+00  1.19999985e+00 -2.62644639e-08 
 1.22763760e-07  1.19816740e+00  4.86344180e-01  0.00000000e+00  0.00000000e+00  0.00000000e+00  0.00000000e+00  1.19999998e+00  6.64530975e-08 
 1.22863760e-07  1.19827417e+00  5.02925790e-01  0.00000000e+00  0.00000000e+00  0.00000000e+00  0.00000000e+00  1.19999985e+00 -2.59752708e-08 
 1.22963760e-07  1.19837867e+00  5.19381200e-01  0.00000000e+00  0.00000000e+00  0.00000000e+00  0.00000000e+00  1.19999997e+00  6.64182347e-08 
 1.23063760e-07  1.19847911e+00  5.35700490e-01  0.00000000e+00  0.00000000e+00  0.00000000e+00  0.00000000e+00  1.19999985e+00 -2.56899566e-08 
 1.23163760e-07  1.19858022e+00  5.51878571e-01  0.00000000e+00  0.00000000e+00  0.00000000e+00  0.00000000e+00  1.19999997e+00  6.63713539e-08 
 1.23263760e-07  1.19868050e+00  5.67904686e-01  0.00000000e+00  0.00000000e+00  0.00000000e+00  0.00000000e+00  1.19999985e+00 -2.54056571e-08 
 1.23363760e-07  1.19878424e+00  5.83775324e-01  0.00000000e+00  0.00000000e+00  0.00000000e+00  0.00000000e+00  1.19999997e+00  6.63253012e-08 
 1.23463760e-07  1.19888723e+00  5.99487267e-01  0.00000000e+00  0.00000000e+00  0.00000000e+00  0.00000000e+00  1.19999985e+00 -2.50936390e-08 
 1.23563760e-07  1.19898653e+00  6.15054389e-01  0.00000000e+00  0.00000000e+00  0.00000000e+00  0.00000000e+00  1.19999997e+00  6.63305394e-08 
 1.23663760e-07  1.19907109e+00  6.30487323e-01  0.00000000e+00  0.00000000e+00  0.00000000e+00  0.00000000e+00  1.19999985e+00 -2.47670812e-08 
 1.23763760e-07  1.19914294e+00  6.45785965e-01  0.00000000e+00  0.00000000e+00  0.00000000e+00  0.00000000e+00  1.19999997e+00  6.62498359e-08 
 1.23863760e-07  1.19920410e+00  6.60931247e-01  0.00000000e+00  0.00000000e+00  0.00000000e+00  0.00000000e+00  1.19999985e+00 -2.45161552e-08 
 1.23963760e-07  1.19926174e+00  6.75912821e-01  0.00000000e+00  0.00000000e+00  0.00000000e+00  0.00000000e+00  1.19999997e+00  6.61764507e-08 
 1.24063760e-07  1.19931413e+00  6.90719582e-01  0.00000000e+00  0.00000000e+00  0.00000000e+00  0.00000000e+00  1.19999985e+00 -2.42411166e-08 
 1.24163760e-07  1.19936483e+00  7.05348172e-01  0.00000000e+00  0.00000000e+00  0.00000000e+00  0.00000000e+00  1.19999997e+00  6.61090458e-08 
 1.24263760e-07  1.19941095e+00  7.19789449e-01  0.00000000e+00  0.00000000e+00  0.00000000e+00  0.00000000e+00  1.19999985e+00 -2.39693412e-08 
 1.24363760e-07  1.19945579e+00  7.34040324e-01  0.00000000e+00  0.00000000e+00  0.00000000e+00  0.00000000e+00  1.19999997e+00  6.60381864e-08 
 1.24463760e-07  1.19949638e+00  7.48091579e-01  0.00000000e+00  0.00000000e+00  0.00000000e+00  0.00000000e+00  1.19999985e+00 -2.37029306e-08 
 1.24563760e-07  1.19953597e+00  7.61940128e-01  0.00000000e+00  0.00000000e+00  0.00000000e+00  0.00000000e+00  1.19999997e+00  6.59641879e-08 
 1.24663760e-07  1.19957156e+00  7.75576723e-01  0.00000000e+00  0.00000000e+00  0.00000000e+00  0.00000000e+00  1.19999985e+00 -2.34420708e-08 
 1.24763760e-07  1.19960641e+00  7.88998369e-01  0.00000000e+00  0.00000000e+00  0.00000000e+00  0.00000000e+00  1.19999997e+00  6.58874989e-08 
 1.24863760e-07  1.19963751e+00  8.02195914e-01  0.00000000e+00  0.00000000e+00  0.00000000e+00  0.00000000e+00  1.19999985e+00 -2.31867173e-08 
 1.24963760e-07  1.19966810e+00  8.15166586e-01  0.00000000e+00  0.00000000e+00  0.00000000e+00  0.00000000e+00  1.19999997e+00  6.58085901e-08 
 1.25063760e-07  1.19969520e+00  8.27901497e-01  0.00000000e+00  0.00000000e+00  0.00000000e+00  0.00000000e+00  1.19999985e+00 -2.29366491e-08 
 1.25163760e-07  1.19972203e+00  8.40398273e-01  0.00000000e+00  0.00000000e+00  0.00000000e+00  0.00000000e+00  1.19999997e+00  6.57279374e-08 
 1.25263760e-07  1.19974561e+00  8.52648487e-01  0.00000000e+00  0.00000000e+00  0.00000000e+00  0.00000000e+00  1.19999985e+00 -2.26914856e-08 
 1.25363760e-07  1.19976915e+00  8.64650346e-01  0.00000000e+00  0.00000000e+00  0.00000000e+00  0.00000000e+00  1.19999997e+00  6.56459611e-08 
 1.25463760e-07  1.19978965e+00  8.76396080e-01  0.00000000e+00  0.00000000e+00  0.00000000e+00  0.00000000e+00  1.19999985e+00 -2.24507967e-08 
 1.25563760e-07  1.19981032e+00  8.87884653e-01  0.00000000e+00  0.00000000e+00  0.00000000e+00  0.00000000e+00  1.19999997e+00  6.55629837e-08 
 1.25663760e-07  1.19982813e+00  8.99109121e-01  0.00000000e+00  0.00000000e+00  0.00000000e+00  0.00000000e+00  1.19999985e+00 -2.22141446e-08 
 1.25763760e-07  1.19984627e+00  9.10069355e-01  0.00000000e+00  0.00000000e+00  0.00000000e+00  0.00000000e+00  1.19999997e+00  6.54792182e-08 
 1.25863760e-07  1.19986171e+00  9.20759382e-01  0.00000000e+00  0.00000000e+00  0.00000000e+00  0.00000000e+00  1.19999985e+00 -2.19811003e-08 
 1.25963760e-07  1.19987763e+00  9.31180084e-01  0.00000000e+00  0.00000000e+00  0.00000000e+00  0.00000000e+00  1.19999997e+00  6.53947756e-08 
 1.26063760e-07  1.19989098e+00  9.41326569e-01  0.00000000e+00  0.00000000e+00  0.00000000e+00  0.00000000e+00  1.19999985e+00 -2.17512904e-08 
 1.26163760e-07  1.19990493e+00  9.51200801e-01  0.00000000e+00  0.00000000e+00  0.00000000e+00  0.00000000e+00  1.19999997e+00  6.53096589e-08 
 1.26263760e-07  1.19991643e+00  9.60799020e-01  0.00000000e+00  0.00000000e+00  0.00000000e+00  0.00000000e+00  1.19999986e+00 -2.15244103e-08 
 1.26363760e-07  1.19992863e+00  9.70124299e-01  0.00000000e+00  0.00000000e+00  0.00000000e+00  0.00000000e+00  1.19999997e+00  6.52237710e-08 
 1.26463760e-07  1.19993849e+00  9.79174024e-01  0.00000000e+00  0.00000000e+00  0.00000000e+00  0.00000000e+00  1.19999986e+00 -2.13002265e-08 
 1.26563760e-07  1.19994914e+00  9.87952352e-01  0.00000000e+00  0.00000000e+00  0.00000000e+00  0.00000000e+00  1.19999997e+00  6.51369265e-08 
 1.26663760e-07  1.19995753e+00  9.96457780e-01  0.00000000e+00  0.00000000e+00  0.00000000e+00  0.00000000e+00  1.19999986e+00 -2.10785853e-08 
 1.26763760e-07  1.19996680e+00  1.00469549e+00  0.00000000e+00  0.00000000e+00  0.00000000e+00  0.00000000e+00  1.19999997e+00  6.50488744e-08 
 1.26863760e-07  1.19997389e+00  1.01266501e+00  0.00000000e+00  0.00000000e+00  0.00000000e+00  0.00000000e+00  1.19999986e+00 -2.08594080e-08 
 1.26963760e-07  1.19998193e+00  1.02037244e+00  0.00000000e+00  0.00000000e+00  0.00000000e+00  0.00000000e+00  1.19999997e+00  6.49593281e-08 
 1.27063760e-07  1.19998785e+00  1.02781825e+00  0.00000000e+00  0.00000000e+00  0.00000000e+00  0.00000000e+00  1.19999986e+00 -2.06426853e-08 
 1.27163760e-07  1.19999479e+00  1.03501030e+00  0.00000000e+00  0.00000000e+00  0.00000000e+00  0.00000000e+00  1.19999997e+00  6.48872938e-08 
 1.27263760e-07  1.19999969e+00  1.04194886e+00  0.00000000e+00  0.00000000e+00  0.00000000e+00  0.00000000e+00  1.19999986e+00 -2.04649158e-08 
 1.27363760e-07  1.20000566e+00  1.04864135e+00  0.00000000e+00  0.00000000e+00  0.00000000e+00  0.00000000e+00  1.19999997e+00  6.48235491e-08 
 1.27463760e-07  1.20000963e+00  1.05508985e+00  0.00000000e+00  0.00000000e+00  0.00000000e+00  0.00000000e+00  1.19999986e+00 -2.02770191e-08 
 1.27563760e-07  1.20001474e+00  1.06130232e+00  0.00000000e+00  0.00000000e+00  0.00000000e+00  0.00000000e+00  1.19999997e+00  6.47468084e-08 
 1.27663760e-07  1.20001791e+00  1.06728132e+00  0.00000000e+00  0.00000000e+00  0.00000000e+00  0.00000000e+00  1.19999986e+00 -2.00826933e-08 
 1.27763760e-07  1.20002225e+00  1.07303522e+00  0.00000000e+00  0.00000000e+00  0.00000000e+00  0.00000000e+00  1.19999997e+00  6.46597917e-08 
 1.27863760e-07  1.20002470e+00  1.07856694e+00  0.00000000e+00  0.00000000e+00  0.00000000e+00  0.00000000e+00  1.19999986e+00 -1.98844415e-08 
 1.27963760e-07  1.20002838e+00  1.08388511e+00  0.00000000e+00  0.00000000e+00  0.00000000e+00  0.00000000e+00  1.19999997e+00  6.45643961e-08 
 1.28063760e-07  1.20003020e+00  1.08899289e+00  0.00000000e+00  0.00000000e+00  0.00000000e+00  0.00000000e+00  1.19999986e+00 -1.96840784e-08 
 1.28163760e-07  1.20003329e+00  1.09389866e+00  0.00000000e+00  0.00000000e+00  0.00000000e+00  0.00000000e+00  1.19999997e+00  6.44534708e-08 
 1.28263760e-07  1.20003457e+00  1.09860610e+00  0.00000000e+00  0.00000000e+00  0.00000000e+00  0.00000000e+00  1.19999986e+00 -1.94667852e-08 
 1.28363760e-07  1.20003714e+00  1.10312410e+00  0.00000000e+00  0.00000000e+00  0.00000000e+00  0.00000000e+00  1.19999997e+00  6.43322764e-08 
 1.28463760e-07  1.20003794e+00  1.10745586e+00  0.00000000e+00  0.00000000e+00  0.00000000e+00  0.00000000e+00  1.19999986e+00 -1.92557682e-08 
 1.28563760e-07  1.20004006e+00  1.11161023e+00  0.00000000e+00  0.00000000e+00  0.00000000e+00  0.00000000e+00  1.19999997e+00  6.42111213e-08 
 1.28663760e-07  1.20004045e+00  1.11559036e+00  0.00000000e+00  0.00000000e+00  0.00000000e+00  0.00000000e+00  1.19999986e+00 -1.90500161e-08 
 1.28763760e-07  1.20004219e+00  1.11940516e+00  0.00000000e+00  0.00000000e+00  0.00000000e+00  0.00000000e+00  1.19999997e+00  6.40942827e-08 
 1.28863760e-07  1.20004222e+00  1.12305745e+00  0.00000000e+00  0.00000000e+00  0.00000000e+00  0.00000000e+00  1.19999986e+00 -1.88583436e-08 
 1.28963760e-07  1.20004363e+00  1.12655571e+00  0.00000000e+00  0.00000000e+00  0.00000000e+00  0.00000000e+00  1.19999997e+00  6.39789135e-08 
 1.29063760e-07  1.20004335e+00  1.12990317e+00  0.00000000e+00  0.00000000e+00  0.00000000e+00  0.00000000e+00  1.19999986e+00 -1.86628162e-08 
 1.29163760e-07  1.20004448e+00  1.13310776e+00  0.00000000e+00  0.00000000e+00  0.00000000e+00  0.00000000e+00  1.19999997e+00  6.38507502e-08 
 1.29263760e-07  1.20004395e+00  1.13617211e+00  0.00000000e+00  0.00000000e+00  0.00000000e+00  0.00000000e+00  1.19999986e+00 -1.84663667e-08 
 1.29363760e-07  1.20004483e+00  1.13910430e+00  0.00000000e+00  0.00000000e+00  0.00000000e+00  0.00000000e+00  1.19999997e+00  6.37223102e-08 
 1.29463760e-07  1.20004408e+00  1.14190672e+00  0.00000000e+00  0.00000000e+00  0.00000000e+00  0.00000000e+00  1.19999986e+00 -1.82744336e-08 
 1.29563760e-07  1.20004476e+00  1.14458714e+00  0.00000000e+00  0.00000000e+00  0.00000000e+00  0.00000000e+00  1.19999997e+00  6.35932049e-08 
 1.29663760e-07  1.20004382e+00  1.14714772e+00  0.00000000e+00  0.00000000e+00  0.00000000e+00  0.00000000e+00  1.19999986e+00 -1.80865131e-08 
 1.29763760e-07  1.20004434e+00  1.14959593e+00  0.00000000e+00  0.00000000e+00  0.00000000e+00  0.00000000e+00  1.19999997e+00  6.34632487e-08 
 1.29863760e-07  1.20004325e+00  1.15193365e+00  0.00000000e+00  0.00000000e+00  0.00000000e+00  0.00000000e+00  1.19999986e+00 -1.79022324e-08 
 1.29963760e-07  1.20004362e+00  1.15416806e+00  0.00000000e+00  0.00000000e+00  0.00000000e+00  0.00000000e+00  1.19999997e+00  6.33323706e-08 
 1.30000000e-07  1.20004270e+00  1.15495177e+00  0.00000000e+00  0.00000000e+00  6.35274710e-13  0.00000000e+00  1.19999986e+00 -1.75951468e-08 
 1.30005000e-07  1.20012854e+00  1.15512945e+00  0.00000000e+00  0.00000000e+00  1.20000000e-01  0.00000000e+00  1.19999996e+00  5.10944067e-08 
 1.30015000e-07  1.20029854e+00  1.15544661e+00  0.00000000e+00  0.00000000e+00  3.60000000e-01  0.00000000e+00  1.19999991e+00 -1.75809211e-09 
 1.30035000e-07  1.20060476e+00  1.15585672e+00  0.00000000e+00  0.00000000e+00  8.40000000e-01  0.00000000e+00  1.19999991e+00  2.12778215e-08 
 1.30050000e-07  1.20076318e+00  1.15601403e+00  0.00000000e+00  0.00000000e+00  1.20000000e+00  0.00000000e+00  1.19999990e+00  1.69374280e-08 
 1.30054000e-07  1.20076321e+00  1.15601405e+00  0.00000000e+00  0.00000000e+00  1.20000000e+00  0.00000000e+00  1.19999988e+00  2.63377635e-09 
 1.30062000e-07  1.20076320e+00  1.15601402e+00  0.00000000e+00  0.00000000e+00  1.20000000e+00  0.00000000e+00  1.19999991e+00  3.00115053e-08 
 1.30078000e-07  1.20076321e+00  1.15601401e+00  0.00000000e+00  0.00000000e+00  1.20000000e+00  0.00000000e+00  1.19999991e+00  2.05262941e-08 
 1.30110000e-07  1.20076321e+00  1.15601397e+00  0.00000000e+00  0.00000000e+00  1.20000000e+00  0.00000000e+00  1.19999991e+00  2.44865084e-08 
 1.30174000e-07  1.20076323e+00  1.15601391e+00  0.00000000e+00  0.00000000e+00  1.20000000e+00  0.00000000e+00  1.19999991e+00  2.16488449e-08 
 1.30274000e-07  1.20076325e+00  1.15601381e+00  0.00000000e+00  0.00000000e+00  1.20000000e+00  0.00000000e+00  1.19999991e+00  2.39209876e-08 
 1.30374000e-07  1.20076327e+00  1.15601371e+00  0.00000000e+00  0.00000000e+00  1.20000000e+00  0.00000000e+00  1.19999991e+00  2.20485281e-08 
 1.30474000e-07  1.20076329e+00  1.15601361e+00  0.00000000e+00  0.00000000e+00  1.20000000e+00  0.00000000e+00  1.19999991e+00  2.35531289e-08 
 1.30574000e-07  1.20076331e+00  1.15601351e+00  0.00000000e+00  0.00000000e+00  1.20000000e+00  0.00000000e+00  1.19999991e+00  2.23860869e-08 
 1.30674000e-07  1.20076333e+00  1.15601341e+00  0.00000000e+00  0.00000000e+00  1.20000000e+00  0.00000000e+00  1.19999991e+00  2.32440350e-08 
 1.30774000e-07  1.20076335e+00  1.15601332e+00  0.00000000e+00  0.00000000e+00  1.20000000e+00  0.00000000e+00  1.19999991e+00  2.26686631e-08 
 1.30874000e-07  1.20076337e+00  1.15601322e+00  0.00000000e+00  0.00000000e+00  1.20000000e+00  0.00000000e+00  1.19999991e+00  2.29860100e-08 
 1.30974000e-07  1.20076339e+00  1.15601312e+00  0.00000000e+00  0.00000000e+00  1.20000000e+00  0.00000000e+00  1.19999991e+00  2.29040503e-08 
 1.31074000e-07  1.20076341e+00  1.15601302e+00  0.00000000e+00  0.00000000e+00  1.20000000e+00  0.00000000e+00  1.19999991e+00  2.27714341e-08 
 1.31174000e-07  1.20076343e+00  1.15601293e+00  0.00000000e+00  0.00000000e+00  1.20000000e+00  0.00000000e+00  1.19999991e+00  2.30995193e-08 
 1.31274000e-07  1.20076344e+00  1.15601283e+00  0.00000000e+00  0.00000000e+00  1.20000000e+00  0.00000000e+00  1.19999991e+00  2.25934808e-08 
 1.31374000e-07  1.20076346e+00  1.15601273e+00  0.00000000e+00  0.00000000e+00  1.20000000e+00  0.00000000e+00  1.19999991e+00  2.32614323e-08 
 1.31474000e-07  1.20076348e+00  1.15601264e+00  0.00000000e+00  0.00000000e+00  1.20000000e+00  0.00000000e+00  1.19999991e+00  2.24462398e-08 
 1.31574000e-07  1.20076350e+00  1.15601254e+00  0.00000000e+00  0.00000000e+00  1.20000000e+00  0.00000000e+00  1.19999991e+00  2.33952494e-08 
 1.31674000e-07  1.20076352e+00  1.15601245e+00  0.00000000e+00  0.00000000e+00  1.20000000e+00  0.00000000e+00  1.19999991e+00  2.23246946e-08 
 1.31774000e-07  1.20076354e+00  1.15601235e+00  0.00000000e+00  0.00000000e+00  1.20000000e+00  0.00000000e+00  1.19999991e+00  2.35055779e-08 
 1.31874000e-07  1.20076356e+00  1.15601226e+00  0.00000000e+00  0.00000000e+00  1.20000000e+00  0.00000000e+00  1.19999991e+00  2.22246173e-08 
 1.31974000e-07  1.20076358e+00  1.15601216e+00  0.00000000e+00  0.00000000e+00  1.20000000e+00  0.00000000e+00  1.19999991e+00  2.35962855e-08 
 1.32074000e-07  1.20076359e+00  1.15601207e+00  0.00000000e+00  0.00000000e+00  1.20000000e+00  0.00000000e+00  1.19999991e+00  2.21424644e-08 
 1.32174000e-07  1.20076361e+00  1.15601198e+00  0.00000000e+00  0.00000000e+00  1.20000000e+00  0.00000000e+00  1.19999991e+00  2.36706193e-08 
 1.32274000e-07  1.20076363e+00  1.15601188e+00  0.00000000e+00  0.00000000e+00  1.20000000e+00  0.00000000e+00  1.19999991e+00  2.20752733e-08 
 1.32374000e-07  1.20076365e+00  1.15601179e+00  0.00000000e+00  0.00000000e+00  1.20000000e+00  0.00000000e+00  1.19999991e+00  2.37312830e-08 
 1.32474000e-07  1.20076367e+00  1.15601170e+00  0.00000000e+00  0.00000000e+00  1.20000000e+00  0.00000000e+00  1.19999991e+00  2.20205688e-08 
 1.32574000e-07  1.20076368e+00  1.15601161e+00  0.00000000e+00  0.00000000e+00  1.20000000e+00  0.00000000e+00  1.19999991e+00  2.37805409e-08 
 1.32674000e-07  1.20076370e+00  1.15601151e+00  0.00000000e+00  0.00000000e+00  1.20000000e+00  0.00000000e+00  1.19999991e+00  2.19762817e-08 
 1.32774000e-07  1.20076372e+00  1.15601142e+00  0.00000000e+00  0.00000000e+00  1.20000000e+00  0.00000000e+00  1.19999991e+00  2.38202872e-08 
 1.32874000e-07  1.20076374e+00  1.15601133e+00  0.00000000e+00  0.00000000e+00  1.20000000e+00  0.00000000e+00  1.19999991e+00  2.19406813e-08 
 1.32974000e-07  1.20076375e+00  1.15601124e+00  0.00000000e+00  0.00000000e+00  1.20000000e+00  0.00000000e+00  1.19999991e+00  2.38520995e-08 
 1.33074000e-07  1.20076377e+00  1.15601115e+00  0.00000000e+00  0.00000000e+00  1.20000000e+00  0.00000000e+00  1.19999991e+00  2.19123277e-08 
 1.33174000e-07  1.20076379e+00  1.15601106e+00  0.00000000e+00  0.00000000e+00  1.20000000e+00  0.00000000e+00  1.19999991e+00  2.38772930e-08 
 1.33274000e-07  1.20076381e+00  1.15601097e+00  0.00000000e+00  0.00000000e+00  1.20000000e+00  0.00000000e+00  1.19999991e+00  2.18900167e-08 
 1.33374000e-07  1.20076382e+00  1.15601088e+00  0.00000000e+00  0.00000000e+00  1.20000000e+00  0.00000000e+00  1.19999991e+00  2.38969693e-08 
 1.33474000e-07  1.20076384e+00  1.15601079e+00  0.00000000e+00  0.00000000e+00  1.20000000e+00  0.00000000e+00  1.19999991e+00  2.18727415e-08 
 1.33574000e-07  1.20076386e+00  1.15601070e+00  0.00000000e+00  0.00000000e+00  1.20000000e+00  0.00000000e+00  1.19999991e+00  2.39120527e-08 
 1.33674000e-07  1.20076387e+00  1.15601061e+00  0.00000000e+00  0.00000000e+00  1.20000000e+00  0.00000000e+00  1.19999991e+00  2.18596570e-08 
 1.33774000e-07  1.20076389e+00  1.15601052e+00  0.00000000e+00  0.00000000e+00  1.20000000e+00  0.00000000e+00  1.19999991e+00  2.39233068e-08 
 1.33874000e-07  1.20076391e+00  1.15601043e+00  0.00000000e+00  0.00000000e+00  1.20000000e+00  0.00000000e+00  1.19999991e+00  2.18500685e-08 
 1.33974000e-07  1.20076392e+00  1.15601035e+00  0.00000000e+00  0.00000000e+00  1.20000000e+00  0.00000000e+00  1.19999991e+00  2.39313778e-08 
 1.34074000e-07  1.20076394e+00  1.15601026e+00  0.00000000e+00  0.00000000e+00  1.20000000e+00  0.00000000e+00  1.19999991e+00  2.18433818e-08 
 1.34174000e-07  1.20076396e+00  1.15601017e+00  0.00000000e+00  0.00000000e+00  1.20000000e+00  0.00000000e+00  1.19999991e+00  2.39367956e-08 
 1.34274000e-07  1.20076397e+00  1.15601008e+00  0.00000000e+00  0.00000000e+00  1.20000000e+00  0.00000000e+00  1.19999991e+00  2.18391179e-08 
 1.34374000e-07  1.20076399e+00  1.15601000e+00  0.00000000e+00  0.00000000e+00  1.20000000e+00  0.00000000e+00  1.19999991e+00  2.39400081e-08 
 1.34474000e-07  1.20076401e+00  1.15600991e+00  0.00000000e+00  0.00000000e+00  1.20000000e+00  0.00000000e+00  1.19999991e+00  2.18368646e-08 
 1.34574000e-07  1.20076402e+00  1.15600982e+00  0.00000000e+00  0.00000000e+00  1.20000000e+00  0.00000000e+00  1.19999991e+00  2.39413873e-08 
 1.34674000e-07  1.20076404e+00  1.15600974e+00  0.00000000e+00  0.00000000e+00  1.20000000e+00  0.00000000e+00  1.19999991e+00  2.18362750e-08 
 1.34774000e-07  1.20076405e+00  1.15600965e+00  0.00000000e+00  0.00000000e+00  1.20000000e+00  0.00000000e+00  1.19999991e+00  2.39412507e-08 
 1.34874000e-07  1.20076407e+00  1.15600956e+00  0.00000000e+00  0.00000000e+00  1.20000000e+00  0.00000000e+00  1.19999991e+00  2.18370737e-08 
 1.34974000e-07  1.20076408e+00  1.15600948e+00  0.00000000e+00  0.00000000e+00  1.20000000e+00  0.00000000e+00  1.19999991e+00  2.39398493e-08 
 1.35074000e-07  1.20076410e+00  1.15600939e+00  0.00000000e+00  0.00000000e+00  1.20000000e+00  0.00000000e+00  1.19999991e+00  2.18390205e-08 
 1.35174000e-07  1.20076412e+00  1.15600931e+00  0.00000000e+00  0.00000000e+00  1.20000000e+00  0.00000000e+00  1.19999991e+00  2.39374034e-08 
 1.35274000e-07  1.20076413e+00  1.15600922e+00  0.00000000e+00  0.00000000e+00  1.20000000e+00  0.00000000e+00  1.19999991e+00  2.18419166e-08 
 1.35374000e-07  1.20076415e+00  1.15600914e+00  0.00000000e+00  0.00000000e+00  1.20000000e+00  0.00000000e+00  1.19999991e+00  2.39340974e-08 
 1.35474000e-07  1.20076416e+00  1.15600905e+00  0.00000000e+00  0.00000000e+00  1.20000000e+00  0.00000000e+00  1.19999991e+00  2.18455933e-08 
 1.35574000e-07  1.20076418e+00  1.15600897e+00  0.00000000e+00  0.00000000e+00  1.20000000e+00  0.00000000e+00  1.19999991e+00  2.39300822e-08 
 1.35674000e-07  1.20076419e+00  1.15600889e+00  0.00000000e+00  0.00000000e+00  1.20000000e+00  0.00000000e+00  1.19999991e+00  2.18499138e-08 
 1.35774000e-07  1.20076421e+00  1.15600880e+00  0.00000000e+00  0.00000000e+00  1.20000000e+00  0.00000000e+00  1.19999991e+00  2.39254834e-08 
 1.35874000e-07  1.20076422e+00  1.15600872e+00  0.00000000e+00  0.00000000e+00  1.20000000e+00  0.00000000e+00  1.19999991e+00  2.18547628e-08 
 1.35974000e-07  1.20076424e+00  1.15600863e+00  0.00000000e+00  0.00000000e+00  1.20000000e+00  0.00000000e+00  1.19999991e+00  2.39204029e-08 
 1.36074000e-07  1.20076425e+00  1.15600855e+00  0.00000000e+00  0.00000000e+00  1.20000000e+00  0.00000000e+00  1.19999991e+00  2.18600513e-08 
 1.36174000e-07  1.20076427e+00  1.15600847e+00  0.00000000e+00  0.00000000e+00  1.20000000e+00  0.00000000e+00  1.19999991e+00  2.39149268e-08 
 1.36274000e-07  1.20076428e+00  1.15600839e+00  0.00000000e+00  0.00000000e+00  1.20000000e+00  0.00000000e+00  1.19999991e+00  2.18656925e-08 
 1.36374000e-07  1.20076430e+00  1.15600830e+00  0.00000000e+00  0.00000000e+00  1.20000000e+00  0.00000000e+00  1.19999991e+00  2.39091358e-08 
 1.36474000e-07  1.20076431e+00  1.15600822e+00  0.00000000e+00  0.00000000e+00  1.20000000e+00  0.00000000e+00  1.19999991e+00  2.18716183e-08 
 1.36574000e-07  1.20076433e+00  1.15600814e+00  0.00000000e+00  0.00000000e+00  1.20000000e+00  0.00000000e+00  1.19999991e+00  2.39030849e-08 
 1.36674000e-07  1.20076434e+00  1.15600806e+00  0.00000000e+00  0.00000000e+00  1.20000000e+00  0.00000000e+00  1.19999991e+00  2.18777756e-08 
 1.36774000e-07  1.20076436e+00  1.15600798e+00  0.00000000e+00  0.00000000e+00  1.20000000e+00  0.00000000e+00  1.19999991e+00  2.38968332e-08 
 1.36874000e-07  1.20076437e+00  1.15600790e+00  0.00000000e+00  0.00000000e+00  1.20000000e+00  0.00000000e+00  1.19999991e+00  2.18841126e-08 
 1.36974000e-07  1.20076438e+00  1.15600781e+00  0.00000000e+00  0.00000000e+00  1.20000000e+00  0.00000000e+00  1.19999991e+00  2.38904153e-08 
 1.37074000e-07  1.20076440e+00  1.15600773e+00  0.00000000e+00  0.00000000e+00  1.20000000e+00  0.00000000e+00  1.19999991e+00  2.18905993e-08 
 1.37174000e-07  1.20076441e+00  1.15600765e+00  0.00000000e+00  0.00000000e+00  1.20000000e+00  0.00000000e+00  1.19999991e+00  2.38838702e-08 
 1.37274000e-07  1.20076443e+00  1.15600757e+00  0.00000000e+00  0.00000000e+00  1.20000000e+00  0.00000000e+00  1.19999991e+00  2.18971946e-08 
 1.37374000e-07  1.20076444e+00  1.15600749e+00  0.00000000e+00  0.00000000e+00  1.20000000e+00  0.00000000e+00  1.19999991e+00  2.38772251e-08 
 1.37474000e-07  1.20076446e+00  1.15600741e+00  0.00000000e+00  0.00000000e+00  1.20000000e+00  0.00000000e+00  1.19999991e+00  2.19038788e-08 
 1.37574000e-07  1.20076447e+00  1.15600733e+00  0.00000000e+00  0.00000000e+00  1.20000000e+00  0.00000000e+00  1.19999991e+00  2.38705074e-08 
 1.37674000e-07  1.20076448e+00  1.15600725e+00  0.00000000e+00  0.00000000e+00  1.20000000e+00  0.00000000e+00  1.19999991e+00  2.19106252e-08 
 1.37774000e-07  1.20076450e+00  1.15600717e+00  0.00000000e+00  0.00000000e+00  1.20000000e+00  0.00000000e+00  1.19999991e+00  2.38637334e-08 
 1.37874000e-07  1.20076451e+00  1.15600709e+00  0.00000000e+00  0.00000000e+00  1.20000000e+00  0.00000000e+00  1.19999991e+00  2.19174194e-08 
 1.37974000e-07  1.20076452e+00  1.15600702e+00  0.00000000e+00  0.00000000e+00  1.20000000e+00  0.00000000e+00  1.19999991e+00  2.38569228e-08 
 1.38074000e-07  1.20076454e+00  1.15600694e+00  0.00000000e+00  0.00000000e+00  1.20000000e+00  0.00000000e+00  1.19999991e+00  2.19242397e-08 
 1.38174000e-07  1.20076455e+00  1.15600686e+00  0.00000000e+00  0.00000000e+00  1.20000000e+00  0.00000000e+00  1.19999991e+00  2.38500917e-08 
 1.38274000e-07  1.20076456e+00  1.15600678e+00  0.00000000e+00  0.00000000e+00  1.20000000e+00  0.00000000e+00  1.19999991e+00  2.19310754e-08 
 1.38374000e-07  1.20076458e+00  1.15600670e+00  0.00000000e+00  0.00000000e+00  1.20000000e+00  0.00000000e+00  1.19999991e+00  2.38432526e-08 
 1.38474000e-07  1.20076459e+00  1.15600662e+00  0.00000000e+00  0.00000000e+00  1.20000000e+00  0.00000000e+00  1.19999991e+00  2.19379182e-08 
 1.38574000e-07  1.20076461e+00  1.15600655e+00  0.00000000e+00  0.00000000e+00  1.20000000e+00  0.00000000e+00  1.19999991e+00  2.38364061e-08 
 1.38674000e-07  1.20076462e+00  1.15600647e+00  0.00000000e+00  0.00000000e+00  1.20000000e+00  0.00000000e+00  1.19999991e+00  2.19447579e-08 
 1.38774000e-07  1.20076463e+00  1.15600639e+00  0.00000000e+00  0.00000000e+00  1.20000000e+00  0.00000000e+00  1.19999991e+00  2.38295742e-08 
 1.38874000e-07  1.20076464e+00  1.15600631e+00  0.00000000e+00  0.00000000e+00  1.20000000e+00  0.00000000e+00  1.19999991e+00  2.19515835e-08 
 1.38974000e-07  1.20076466e+00  1.15600624e+00  0.00000000e+00  0.00000000e+00  1.20000000e+00  0.00000000e+00  1.19999991e+00  2.38227546e-08 
 1.39000000e-07  1.20076466e+00  1.15600622e+00  3.17637355e-14  0.00000000e+00  1.20000000e+00  0.00000000e+00  1.19999991e+00  2.19680426e-08 
 1.39010000e-07  1.20076655e+00  1.15600810e+00  1.20000000e-02  0.00000000e+00  1.20000000e+00  0.00000000e+00  1.20041445e+00  2.50617200e-04 
 1.39030000e-07  1.20077037e+00  1.15601193e+00  3.60000000e-02  0.00000000e+00  1.20000000e+00  0.00000000e+00  1.20072908e+00  3.17390159e-04 
 1.39070000e-07  1.20077806e+00  1.15601962e+00  8.40000000e-02  0.00000000e+00  1.20000000e+00  0.00000000e+00  1.20069777e+00  2.36125225e-04 
 1.39150000e-07  1.20079357e+00  1.15603510e+00  1.80000000e-01  0.00000000e+00  1.20000000e+00  0.00000000e+00  1.20074269e+00  3.07475903e-04 
 1.39250000e-07  1.20081322e+00  1.15605339e+00  3.00000000e-01  0.00000000e+00  1.20000000e+00  0.00000000e+00  1.20072161e+00  2.79701191e-04 
 1.39350000e-07  1.20083316e+00  1.15603921e+00  4.20000000e-01  0.00000000e+00  1.20000000e+00  0.00000000e+00  1.20081976e+00  1.08410177e-03 
 1.39450000e-07  1.20085322e+00  1.15574494e+00  5.40000000e-01  0.00000000e+00  1.20000000e+00  0.00000000e+00  1.20117339e+00  6.95227556e-03 
 1.39550000e-07  1.20087300e+00  1.15458688e+00  6.60000000e-01  0.00000000e+00  1.20000000e+00  0.00000000e+00  1.20170991e+00  2.21244468e-02 
 1.39650000e-07  1.20089201e+00  1.15194365e+00  7.80000000e-01  0.00000000e+00  1.20000000e+00  0.00000000e+00  1.20201154e+00  4.47023066e-02 
 1.39750000e-07  1.20090993e+00  1.14743604e+00  9.00000000e-01  0.00000000e+00  1.20000000e+00  0.00000000e+00  1.20233613e+00  7.24557273e-02 
 1.39850000e-07  1.20092661e+00  1.14090044e+00  1.02000000e+00  0.00000000e+00  1.20000000e+00  0.00000000e+00  1.20260094e+00  1.04301555e-01 
 1.39950000e-07  1.20094202e+00  1.13231365e+00  1.14000000e+00  0.00000000e+00  1.20000000e+00  0.00000000e+00  1.20293711e+00  1.40016125e-01 
 1.40000000e-07  1.20094925e+00  1.12726644e+00  1.20000000e+00  0.00000000e+00  1.20000000e+00  0.00000000e+00  1.20310649e+00  1.59342883e-01 
 1.40010000e-07  1.20094848e+00  1.12620739e+00  1.20000000e+00  0.00000000e+00  1.20000000e+00  0.00000000e+00  1.20188489e+00  1.60077882e-01 
 1.40030000e-07  1.20094687e+00  1.12409202e+00  1.20000000e+00  0.00000000e+00  1.20000000e+00  0.00000000e+00  1.20034294e+00  1.60747604e-01 
 1.40070000e-07  1.20094363e+00  1.11986899e+00  1.20000000e+00  0.00000000e+00  1.20000000e+00  0.00000000e+00  1.19991246e+00  1.60754086e-01 
 1.40150000e-07  1.20093719e+00  1.11143174e+00  1.20000000e+00  0.00000000e+00  1.20000000e+00  0.00000000e+00  1.20001535e+00  1.60510160e-01 
 1.40250000e-07  1.20092914e+00  1.10089824e+00  1.20000000e+00  0.00000000e+00  1.20000000e+00  0.00000000e+00  1.19995574e+00  1.60182917e-01 
 1.40350000e-07  1.20092111e+00  1.09037975e+00  1.20000000e+00  0.00000000e+00  1.20000000e+00  0.00000000e+00  1.19999528e+00  1.59891012e-01 
 1.40450000e-07  1.20091310e+00  1.07987633e+00  1.20000000e+00  0.00000000e+00  1.20000000e+00  0.00000000e+00  1.19996695e+00  1.59550824e-01 
 1.40550000e-07  1.20090511e+00  1.06938817e+00  1.20000000e+00  0.00000000e+00  1.20000000e+00  0.00000000e+00  1.19998819e+00  1.59254448e-01 
 1.40650000e-07  1.20089714e+00  1.05891547e+00  1.20000000e+00  0.00000000e+00  1.20000000e+00  0.00000000e+00  1.19997092e+00  1.58908689e-01 
 1.40750000e-07  1.20088919e+00  1.04845837e+00  1.20000000e+00  0.00000000e+00  1.20000000e+00  0.00000000e+00  1.19998515e+00  1.58603774e-01 
 1.40850000e-07  1.20088126e+00  1.03801709e+00  1.20000000e+00  0.00000000e+00  1.20000000e+00  0.00000000e+00  1.19997256e+00  1.58254067e-01 
 1.40950000e-07  1.20087335e+00  1.02759177e+00  1.20000000e+00  0.00000000e+00  1.20000000e+00  0.00000000e+00  1.19998344e+00  1.57939636e-01 
 1.41050000e-07  1.20086546e+00  1.01718265e+00  1.20000000e+00  0.00000000e+00  1.20000000e+00  0.00000000e+00  1.19997338e+00  1.57585929e-01 
 1.41150000e-07  1.20085759e+00  1.00678987e+00  1.20000000e+00  0.00000000e+00  1.20000000e+00  0.00000000e+00  1.19998222e+00  1.57261863e-01 
 1.41250000e-07  1.20084974e+00  9.96413680e-01  1.20000000e+00  0.00000000e+00  1.20000000e+00  0.00000000e+00  1.19997386e+00  1.56903647e-01 
 1.41350000e-07  1.20084191e+00  9.86054232e-01  1.20000000e+00  0.00000000e+00  1.20000000e+00  0.00000000e+00  1.19998122e+00  1.56570022e-01 
 1.41450000e-07  1.20083410e+00  9.75711774e-01  1.20000000e+00  0.00000000e+00  1.20000000e+00  0.00000000e+00  1.19997416e+00  1.56206687e-01 
 1.41550000e-07  1.20082631e+00  9.65386482e-01  1.20000000e+00  0.00000000e+00  1.20000000e+00  0.00000000e+00  1.19998033e+00  1.55863577e-01 
 1.41650000e-07  1.20081853e+00  9.55078606e-01  1.20000000e+00  0.00000000e+00  1.20000000e+00  0.00000000e+00  1.19997433e+00  1.55494514e-01 
 1.41750000e-07  1.20081077e+00  9.44788344e-01  1.20000000e+00  0.00000000e+00  1.20000000e+00  0.00000000e+00  1.19997953e+00  1.55141941e-01 
 1.41850000e-07  1.20080300e+00  9.34515955e-01  1.20000000e+00  0.00000000e+00  1.20000000e+00  0.00000000e+00  1.19997440e+00  1.54766560e-01 
 1.41950000e-07  1.20079523e+00  9.24261663e-01  1.20000000e+00  0.00000000e+00  1.20000000e+00  0.00000000e+00  1.19997879e+00  1.54404480e-01 
 1.42050000e-07  1.20078743e+00  9.14025743e-01  1.20000000e+00  0.00000000e+00  1.20000000e+00  0.00000000e+00  1.19997439e+00  1.54022212e-01 
 1.42150000e-07  1.20077959e+00  9.03808450e-01  1.20000000e+00  0.00000000e+00  1.20000000e+00  0.00000000e+00  1.19997809e+00  1.53650517e-01 
 1.42250000e-07  1.20077168e+00  8.93610087e-01  1.20000000e+00  0.00000000e+00  1.20000000e+00  0.00000000e+00  1.19997430e+00  1.53260805e-01 
 1.42350000e-07  1.20076367e+00  8.83430951e-01  1.20000000e+00  0.00000000e+00  1.20000000e+00  0.00000000e+00  1.19997742e+00  1.52879329e-01 
 1.42450000e-07  1.20075551e+00  8.73271385e-01  1.20000000e+00  0.00000000e+00  1.20000000e+00  0.00000000e+00  1.19997415e+00  1.52481623e-01 
 1.42550000e-07  1.20074715e+00  8.63131737e-01  1.20000000e+00  0.00000000e+00  1.20000000e+00  0.00000000e+00  1.19997678e+00  1.52090136e-01 
 1.42650000e-07  1.20073851e+00  8.53012407e-01  1.20000000e+00  0.00000000e+00  1.20000000e+00  0.00000000e+00  1.19997393e+00  1.51683884e-01 
 1.42750000e-07  1.20072951e+00  8.42913802e-01  1.20000000e+00  0.00000000e+00  1.20000000e+00  0.00000000e+00  1.19997615e+00  1.51282105e-01 
 1.42850000e-07  1.20072007e+00  8.32836369e-01  1.20000000e+00  0.00000000e+00  1.20000000e+00  0.00000000e+00  1.19997367e+00  1.50866746e-01 
 1.42950000e-07  1.20071009e+00  8.22780546e-01  1.20000000e+00  0.00000000e+00  1.20000000e+00  0.00000000e+00  1.19997553e+00  1.50454332e-01 
 1.43050000e-07  1.20069951e+00  8.12746754e-01  1.20000000e+00  0.00000000e+00  1.20000000e+00  0.00000000e+00  1.19997334e+00  1.50029279e-01 
 1.43150000e-07  1.20068829e+00  8.02735327e-01  1.20000000e+00  0.00000000e+00  1.20000000e+00  0.00000000e+00  1.19997490e+00  1.49605814e-01 
 1.43250000e-07  1.20067650e+00  7.92746461e-01  1.20000000e+00  0.00000000e+00  1.20000000e+00  0.00000000e+00  1.19997297e+00  1.49170422e-01 
 1.43350000e-07  1.20066430e+00  7.82780150e-01  1.20000000e+00  0.00000000e+00  1.20000000e+00  0.00000000e+00  1.19997427e+00  1.48735374e-01 
 1.43450000e-07  1.20065196e+00  7.72836221e-01  1.20000000e+00  0.00000000e+00  1.20000000e+00  0.00000000e+00  1.19997254e+00  1.48288888e-01 
 1.43550000e-07  1.20063977e+00  7.62914494e-01  1.20000000e+00  0.00000000e+00  1.20000000e+00  0.00000000e+00  1.19997361e+00  1.47841576e-01 
 1.43650000e-07  1.20062789e+00  7.53015020e-01  1.20000000e+00  0.00000000e+00  1.20000000e+00  0.00000000e+00  1.19997205e+00  1.47383139e-01 
 1.43750000e-07  1.20061633e+00  7.43138180e-01  1.20000000e+00  0.00000000e+00  1.20000000e+00  0.00000000e+00  1.19997293e+00  1.46922813e-01 
 1.43850000e-07  1.20060497e+00  7.33284563e-01  1.20000000e+00  0.00000000e+00  1.20000000e+00  0.00000000e+00  1.19997150e+00  1.46451563e-01 
 1.43950000e-07  1.20059370e+00  7.23454779e-01  1.20000000e+00  0.00000000e+00  1.20000000e+00  0.00000000e+00  1.19997221e+00  1.45977446e-01 
 1.44050000e-07  1.20058244e+00  7.13649364e-01  1.20000000e+00  0.00000000e+00  1.20000000e+00  0.00000000e+00  1.19997090e+00  1.45492467e-01 
 1.44150000e-07  1.20057118e+00  7.03868792e-01  1.20000000e+00  0.00000000e+00  1.20000000e+00  0.00000000e+00  1.19997146e+00  1.45003660e-01 
 1.44250000e-07  1.20055991e+00  6.94113516e-01  1.20000000e+00  0.00000000e+00  1.20000000e+00  0.00000000e+00  1.19997023e+00  1.44503900e-01 
 1.44350000e-07  1.20054863e+00  6.84383991e-01  1.20000000e+00  0.00000000e+00  1.20000000e+00  0.00000000e+00  1.19997066e+00  1.43999345e-01 
 1.44450000e-07  1.20053735e+00  6.74680680e-01  1.20000000e+00  0.00000000e+00  1.20000000e+00  0.00000000e+00  1.19996950e+00  1.43483603e-01 
 1.44550000e-07  1.20052609e+00  6.65004067e-01  1.20000000e+00  0.00000000e+00  1.20000000e+00  0.00000000e+00  1.19996980e+00  1.42962078e-01 
 1.44650000e-07  1.20051486e+00  6.55354646e-01  1.20000000e+00  0.00000000e+00  1.20000000e+00  0.00000000e+00  1.19996868e+00  1.42428989e-01 
 1.44750000e-07  1.20050367e+00  6.45732939e-01  1.20000000e+00  0.00000000e+00  1.20000000e+00  0.00000000e+00  1.19996887e+00  1.41889089e-01 
 1.44850000e-07  1.20049253e+00  6.36139479e-01  1.20000000e+00  0.00000000e+00  1.20000000e+00  0.00000000e+00  1.19996778e+00  1.41337101e-01 
 1.44950000e-07  1.20048147e+00  6.26574832e-01  1.20000000e+00  0.00000000e+00  1.20000000e+00  0.00000000e+00  1.19996786e+00  1.40777206e-01 
 1.45050000e-07  1.20047050e+00  6.17039577e-01  1.20000000e+00  0.00000000e+00  1.20000000e+00  0.00000000e+00  1.19996679e+00  1.40204548e-01 
 1.45150000e-07  1.20045963e+00  6.07534329e-01  1.20000000e+00  0.00000000e+00  1.20000000e+00  0.00000000e+00  1.19996676e+00  1.39622803e-01 
 1.45250000e-07  1.20044890e+00  5.98059720e-01  1.20000000e+00  0.00000000e+00  1.20000000e+00  0.00000000e+00  1.19996568e+00  1.39027452e-01 
 1.45350000e-07  1.20043832e+00  5.88616420e-01  1.20000000e+00  0.00000000e+00  1.20000000e+00  0.00000000e+00  1.19996555e+00  1.38421726e-01 
 1.45450000e-07  1.20042791e+00  5.79205121e-01  1.20000000e+00  0.00000000e+00  1.20000000e+00  0.00000000e+00  1.19996445e+00  1.37801377e-01 
 1.45550000e-07  1.20041770e+00  5.69826556e-01  1.20000000e+00  0.00000000e+00  1.20000000e+00  0.00000000e+00  1.19996421e+00  1.37169233e-01 
 1.45650000e-07  1.20040771e+00  5.60481488e-01  1.20000000e+00  0.00000000e+00  1.20000000e+00  0.00000000e+00  1.19996308e+00  1.36521263e-01 
 1.45750000e-07  1.20039798e+00  5.51170730e-01  1.20000000e+00  0.00000000e+00  1.20000000e+00  0.00000000e+00  1.19996273e+00  1.35859927e-01 
 1.45850000e-07  1.20038853e+00  5.41895128e-01  1.20000000e+00  0.00000000e+00  1.20000000e+00  0.00000000e+00  1.19996155e+00  1.35181362e-01 
 1.45950000e-07  1.20037938e+00  5.32655595e-01  1.20000000e+00  0.00000000e+00  1.20000000e+00  0.00000000e+00  1.19996109e+00  1.34487694e-01 
 1.46000000e-07  1.20037492e+00  5.28049619e-01  1.20000000e+00  0.00000000e+00  1.20000000e+00  0.00000000e+00  1.19996029e+00  1.34133343e-01 
 1.46010000e-07  1.20036318e+00  5.27206009e-01  1.14000000e+00  0.00000000e+00  1.20000000e+00  0.00000000e+00  1.19452357e+00  1.20729260e-01 
 1.46030000e-07  1.20033966e+00  5.25706079e-01  1.02000000e+00  0.00000000e+00  1.20000000e+00  0.00000000e+00  1.18841225e+00  9.21591393e-02 
 1.46070000e-07  1.20029372e+00  5.23798807e-01  7.80000000e-01  0.00000000e+00  1.20000000e+00  0.00000000e+00  1.18915248e+00  3.87240854e-02 
 1.46150000e-07  1.20020667e+00  5.22570530e-01  3.00000000e-01  0.00000000e+00  1.20000000e+00  0.00000000e+00  1.19622711e+00 -1.81307057e-03 
 1.46200000e-07  1.20015548e+00  5.22521819e-01  0.00000000e+00  0.00000000e+00  1.20000000e+00  0.00000000e+00  1.19655139e+00 -9.97628854e-04 
 1.46210000e-07  1.20015491e+00  5.22522518e-01  0.00000000e+00  0.00000000e+00  1.20000000e+00  0.00000000e+00  1.19850519e+00 -2.59300434e-05 
 1.46230000e-07  1.20015403e+00  5.22524109e-01  0.00000000e+00  0.00000000e+00  1.20000000e+00  0.00000000e+00  1.20005790e+00  1.94494892e-04 
 1.46270000e-07  1.20015240e+00  5.22526980e-01  0.00000000e+00  0.00000000e+00  1.20000000e+00  0.00000000e+00  1.19992608e+00 -1.49338695e-04 
 1.46350000e-07  1.20014962e+00  5.22531642e-01  0.00000000e+00  0.00000000e+00  1.20000000e+00  0.00000000e+00  1.20007109e+00  1.32326746e-04 
 1.46450000e-07  1.20014682e+00  5.22535945e-01  0.00000000e+00  0.00000000e+00  1.20000000e+00  0.00000000e+00  1.19993238e+00 -1.20301864e-04 
 1.46550000e-07  1.20014455e+00  5.22539025e-01  0.00000000e+00  0.00000000e+00  1.20000000e+00  0.00000000e+00  1.20006324e+00  1.09579962e-04 
 1.46650000e-07  1.20014267e+00  5.22541266e-01  0.00000000e+00  0.00000000e+00  1.20000000e+00  0.00000000e+00  1.19994103e+00 -9.98184370e-05 
 1.46750000e-07  1.20014104e+00  5.22542896e-01  0.00000000e+00  0.00000000e+00  1.20000000e+00  0.00000000e+00  1.20005438e+00  9.10549169e-05 
 1.46850000e-07  1.20013962e+00  5.22544099e-01  0.00000000e+00  0.00000000e+00  1.20000000e+00  0.00000000e+00  1.19994973e+00 -8.30174977e-05 
 1.46950000e-07  1.20013833e+00  5.22544979e-01  0.00000000e+00  0.00000000e+00  1.20000000e+00  0.00000000e+00  1.20004601e+00  7.57805554e-05 
 1.47050000e-07  1.20013716e+00  5.22545636e-01  0.00000000e+00  0.00000000e+00  1.20000000e+00  0.00000000e+00  1.19995762e+00 -6.91124390e-05 
 1.47150000e-07  1.20013605e+00  5.22546115e-01  0.00000000e+00  0.00000000e+00  1.20000000e+00  0.00000000e+00  1.20003865e+00  6.31089816e-05 
 1.47250000e-07  1.20013502e+00  5.22546476e-01  0.00000000e+00  0.00000000e+00  1.20000000e+00  0.00000000e+00  1.19996446e+00 -5.75550405e-05 
 1.47350000e-07  1.20013402e+00  5.22546736e-01  0.00000000e+00  0.00000000e+00  1.20000000e+00  0.00000000e+00  1.20003233e+00  5.25628626e-05 
 1.47450000e-07  1.20013307e+00  5.22546933e-01  0.00000000e+00  0.00000000e+00  1.20000000e+00  0.00000000e+00  1.19997027e+00 -4.79275804e-05 
 1.47550000e-07  1.20013214e+00  5.22547072e-01  0.00000000e+00  0.00000000e+00  1.20000000e+00  0.00000000e+00  1.20002699e+00  4.37720749e-05 
 1.47650000e-07  1.20013123e+00  5.22547177e-01  0.00000000e+00  0.00000000e+00  1.20000000e+00  0.00000000e+00  1.19997517e+00 -3.98989952e-05 
 1.47750000e-07  1.20013034e+00  5.22547248e-01  0.00000000e+00  0.00000000e+00  1.20000000e+00  0.00000000e+00  1.20002250e+00  3.64388803e-05 
 1.47850000e-07  1.20012947e+00  5.22547303e-01  0.00000000e+00  0.00000000e+00  1.20000000e+00  0.00000000e+00  1.19997928e+00 -3.32001866e-05 
 1.47950000e-07  1.20012861e+00  5.22547335e-01  0.00000000e+00  0.00000000e+00  1.20000000e+00  0.00000000e+00  1.20001875e+00  3.03193596e-05 
 1.48050000e-07  1.20012776e+00  5.22547362e-01  0.00000000e+00  0.00000000e+00  1.20000000e+00  0.00000000e+00  1.19998272e+00 -2.76095011e-05 
 1.48150000e-07  1.20012692e+00  5.22547373e-01  0.00000000e+00  0.00000000e+00  1.20000000e+00  0.00000000e+00  1.20001560e+00  2.52117912e-05 
 1.48250000e-07  1.20012609e+00  5.22547383e-01  0.00000000e+00  0.00000000e+00  1.20000000e+00  0.00000000e+00  1.19998559e+00 -2.29431241e-05 
 1.48350000e-07  1.20012526e+00  5.22547383e-01  0.00000000e+00  0.00000000e+00  1.20000000e+00  0.00000000e+00  1.20001298e+00  2.09485527e-05 
 1.48450000e-07  1.20012444e+00  5.22547384e-01  0.00000000e+00  0.00000000e+00  1.20000000e+00  0.00000000e+00  1.19998800e+00 -1.90481012e-05 
 1.48550000e-07  1.20012363e+00  5.22547377e-01  0.00000000e+00  0.00000000e+00  1.20000000e+00  0.00000000e+00  1.20001078e+00  1.73900230e-05 
 1.48650000e-07  1.20012283e+00  5.22547373e-01  0.00000000e+00  0.00000000e+00  1.20000000e+00  0.00000000e+00  1.19999000e+00 -1.57969412e-05 
 1.48750000e-07  1.20012202e+00  5.22547362e-01  0.00000000e+00  0.00000000e+00  1.20000000e+00  0.00000000e+00  1.20000895e+00  1.44197668e-05 
 1.48850000e-07  1.20012123e+00  5.22547355e-01  0.00000000e+00  0.00000000e+00  1.20000000e+00  0.00000000e+00  1.19999168e+00 -1.30832873e-05 
 1.48950000e-07  1.20012044e+00  5.22547342e-01  0.00000000e+00  0.00000000e+00  1.20000000e+00  0.00000000e+00  1.20000742e+00  1.19406263e-05 
 1.49050000e-07  1.20011966e+00  5.22547334e-01  0.00000000e+00  0.00000000e+00  1.20000000e+00  0.00000000e+00  1.19999307e+00 -1.08183766e-05 
 1.49150000e-07  1.20011888e+00  5.22547320e-01  0.00000000e+00  0.00000000e+00  1.20000000e+00  0.00000000e+00  1.20000614e+00  9.87150612e-06 
 1.49250000e-07  1.20011811e+00  5.22547311e-01  0.00000000e+00  0.00000000e+00  1.20000000e+00  0.00000000e+00  1.19999424e+00 -8.92811449e-06 
 1.49350000e-07  1.20011734e+00  5.22547296e-01  0.00000000e+00  0.00000000e+00  1.20000000e+00  0.00000000e+00  1.20000508e+00  8.14470770e-06 
 1.49450000e-07  1.20011658e+00  5.22547286e-01  0.00000000e+00  0.00000000e+00  1.20000000e+00  0.00000000e+00  1.19999522e+00 -7.35064406e-06 
 1.49550000e-07  1.20011582e+00  5.22547271e-01  0.00000000e+00  0.00000000e+00  1.20000000e+00  0.00000000e+00  1.20000418e+00  6.70371238e-06 
 1.49650000e-07  1.20011507e+00  5.22547261e-01  0.00000000e+00  0.00000000e+00  1.20000000e+00  0.00000000e+00  1.19999603e+00 -6.03432245e-06 
 1.49750000e-07  1.20011432e+00  5.22547246e-01  0.00000000e+00  0.00000000e+00  1.20000000e+00  0.00000000e+00  1.20000344e+00  5.50133329e-06 
 1.49850000e-07  1.20011358e+00  5.22547236e-01  0.00000000e+00  0.00000000e+00  1.20000000e+00  0.00000000e+00  1.19999671e+00 -4.93603315e-06 
 1.49950000e-07  1.20011284e+00  5.22547220e-01  0.00000000e+00  0.00000000e+00  1.20000000e+00  0.00000000e+00  1.20000282e+00  4.49817392e-06 
 1.50050000e-07  1.20011211e+00  5.22547210e-01  0.00000000e+00  0.00000000e+00  1.20000000e+00  0.00000000e+00  1.19999728e+00 -4.01977783e-06 
 1.50150000e-07  1.20011138e+00  5.22547194e-01  0.00000000e+00  0.00000000e+00  1.20000000e+00  0.00000000e+00  1.20000230e+00  3.66134167e-06 
 1.50250000e-07  1.20011066e+00  5.22547184e-01  0.00000000e+00  0.00000000e+00  1.20000000e+00  0.00000000e+00  1.19999775e+00 -3.25550098e-06 
 1.50350000e-07  1.20010994e+00  5.22547169e-01  0.00000000e+00  0.00000000e+00  1.20000000e+00  0.00000000e+00  1.20000187e+00  2.96337404e-06 
 1.50450000e-07  1.20010923e+00  5.22547158e-01  0.00000000e+00  0.00000000e+00  1.20000000e+00  0.00000000e+00  1.19999815e+00 -2.61810884e-06 
 1.50550000e-07  1.20010851e+00  5.22547143e-01  0.00000000e+00  0.00000000e+00  1.20000000e+00  0.00000000e+00  1.20000150e+00  2.38134214e-06 
 1.50650000e-07  1.20010781e+00  5.22547132e-01  0.00000000e+00  0.00000000e+00  1.20000000e+00  0.00000000e+00  1.19999848e+00 -2.08665017e-06 
 1.50750000e-07  1.20010711e+00  5.22547117e-01  0.00000000e+00  0.00000000e+00  1.20000000e+00  0.00000000e+00  1.20000120e+00  1.89610223e-06 
 1.50850000e-07  1.20010642e+00  5.22547106e-01  0.00000000e+00  0.00000000e+00  1.20000000e+00  0.00000000e+00  1.19999876e+00 -1.64363243e-06 
 1.50950000e-07  1.20010572e+00  5.22547091e-01  0.00000000e+00  0.00000000e+00  1.20000000e+00  0.00000000e+00  1.20000095e+00  1.49167091e-06 
 1.51050000e-07  1.20010504e+00  5.22547081e-01  0.00000000e+00  0.00000000e+00  1.20000000e+00  0.00000000e+00  1.19999899e+00 -1.27445079e-06 
 1.51150000e-07  1.20010435e+00  5.22547065e-01  0.00000000e+00  0.00000000e+00  1.20000000e+00  0.00000000e+00  1.20000074e+00  1.15470331e-06 
 1.51250000e-07  1.20010368e+00  5.22547055e-01  0.00000000e+00  0.00000000e+00  1.20000000e+00  0.00000000e+00  1.19999918e+00 -9.66911466e-07 
 1.51350000e-07  1.20010300e+00  5.22547039e-01  0.00000000e+00  0.00000000e+00  1.20000000e+00  0.00000000e+00  1.20000056e+00  8.74057622e-07 
 1.51450000e-07  1.20010234e+00  5.22547029e-01  0.00000000e+00  0.00000000e+00  1.20000000e+00  0.00000000e+00  1.19999934e+00 -7.10833636e-07 
 1.51550000e-07  1.20010167e+00  5.22547014e-01  0.00000000e+00  0.00000000e+00  1.20000000e+00  0.00000000e+00  1.20000042e+00  6.40431346e-07 
 1.51650000e-07  1.20010101e+00  5.22547003e-01  0.00000000e+00  0.00000000e+00  1.20000000e+00  0.00000000e+00  1.19999948e+00 -4.97717167e-07 
 1.51750000e-07  1.20010035e+00  5.22546988e-01  0.00000000e+00  0.00000000e+00  1.20000000e+00  0.00000000e+00  1.20000029e+00  4.46057681e-07 
 1.51850000e-07  1.20009970e+00  5.22546977e-01  0.00000000e+00  0.00000000e+00  1.20000000e+00  0.00000000e+00  1.19999959e+00 -3.20465182e-07 
 1.51950000e-07  1.20009905e+00  5.22546962e-01  0.00000000e+00  0.00000000e+00  1.20000000e+00  0.00000000e+00  1.20000019e+00  2.84452007e-07 
 1.52050000e-07  1.20009841e+00  5.22546951e-01  0.00000000e+00  0.00000000e+00  1.20000000e+00  0.00000000e+00  1.19999968e+00 -1.73152386e-07 
 1.52150000e-07  1.20009777e+00  5.22546936e-01  0.00000000e+00  0.00000000e+00  1.20000000e+00  0.00000000e+00  1.20000010e+00  1.50200215e-07 
 1.52250000e-07  1.20009714e+00  5.22546926e-01  0.00000000e+00  0.00000000e+00  1.20000000e+00  0.00000000e+00  1.19999976e+00 -5.08316542e-08 
 1.52350000e-07  1.20009650e+00  5.22546911e-01  0.00000000e+00  0.00000000e+00  1.20000000e+00  0.00000000e+00  1.20000003e+00  3.87819881e-08 
 1.52450000e-07  1.20009588e+00  5.22546900e-01  0.00000000e+00  0.00000000e+00  1.20000000e+00  0.00000000e+00  1.19999983e+00  5.06274172e-08 
 1.52550000e-07  1.20009525e+00  5.22546885e-01  0.00000000e+00  0.00000000e+00  1.20000000e+00  0.00000000e+00  1.19999997e+00 -5.35767344e-08 
 1.52650000e-07  1.20009464e+00  5.22546874e-01  0.00000000e+00  0.00000000e+00  1.20000000e+00  0.00000000e+00  1.19999988e+00  1.34673360e-07 
 1.52750000e-07  1.20009402e+00  5.22546859e-01  0.00000000e+00  0.00000000e+00  1.20000000e+00  0.00000000e+00  1.19999992e+00 -1.30026968e-07 
 1.52850000e-07  1.20009341e+00  5.22546848e-01  0.00000000e+00  0.00000000e+00  1.20000000e+00  0.00000000e+00  1.19999993e+00  2.04185386e-07 
 1.52950000e-07  1.20009280e+00  5.22546833e-01  0.00000000e+00  0.00000000e+00  1.20000000e+00  0.00000000e+00  1.19999988e+00 -1.93199516e-07 
 1.53050000e-07  1.20009220e+00  5.22546823e-01  0.00000000e+00  0.00000000e+00  1.20000000e+00  0.00000000e+00  1.19999996e+00  2.61567381e-07 
 1.53150000e-07  1.20009160e+00  5.22546808e-01  0.00000000e+00  0.00000000e+00  1.20000000e+00  0.00000000e+00  1.19999985e+00 -2.45290878e-07 
 1.53250000e-07  1.20009100e+00  5.22546797e-01  0.00000000e+00  0.00000000e+00  1.20000000e+00  0.00000000e+00  1.20000000e+00  3.08826362e-07 
 1.53350000e-07  1.20009041e+00  5.22546782e-01  0.00000000e+00  0.00000000e+00  1.20000000e+00  0.00000000e+00  1.19999982e+00 -2.88134905e-07 
 1.53450000e-07  1.20008983e+00  5.22546771e-01  0.00000000e+00  0.00000000e+00  1.20000000e+00  0.00000000e+00  1.20000002e+00  3.47638003e-07 
 1.53550000e-07  1.20008924e+00  5.22546756e-01  0.00000000e+00  0.00000000e+00  1.20000000e+00  0.00000000e+00  1.19999979e+00 -3.23262691e-07 
 1.53650000e-07  1.20008866e+00  5.22546746e-01  0.00000000e+00  0.00000000e+00  1.20000000e+00  0.00000000e+00  1.20000005e+00  3.79401310e-07 
 1.53750000e-07  1.20008808e+00  5.22546731e-01  0.00000000e+00  0.00000000e+00  1.20000000e+00  0.00000000e+00  1.19999977e+00 -3.51952548e-07 
 1.53850000e-07  1.20008751e+00  5.22546720e-01  0.00000000e+00  0.00000000e+00  1.20000000e+00  0.00000000e+00  1.20000006e+00  4.05284336e-07 
 1.53950000e-07  1.20008694e+00  5.22546705e-01  0.00000000e+00  0.00000000e+00  1.20000000e+00  0.00000000e+00  1.19999975e+00 -3.75271741e-07 
 1.54050000e-07  1.20008638e+00  5.22546694e-01  0.00000000e+00  0.00000000e+00  1.20000000e+00  0.00000000e+00  1.20000008e+00  4.26262265e-07 
 1.54150000e-07  1.20008582e+00  5.22546679e-01  0.00000000e+00  0.00000000e+00  1.20000000e+00  0.00000000e+00  1.19999974e+00 -3.94111316e-07 
 1.54250000e-07  1.20008526e+00  5.22546669e-01  0.00000000e+00  0.00000000e+00  1.20000000e+00  0.00000000e+00  1.20000009e+00  4.43149281e-07 
 1.54350000e-07  1.20008470e+00  5.22546654e-01  0.00000000e+00  0.00000000e+00  1.20000000e+00  0.00000000e+00  1.19999973e+00 -4.09215203e-07 
 1.54450000e-07  1.20008415e+00  5.22546643e-01  0.00000000e+00  0.00000000e+00  1.20000000e+00  0.00000000e+00  1.20000010e+00  4.56625123e-07 
 1.54550000e-07  1.20008361e+00  5.22546628e-01  0.00000000e+00  0.00000000e+00  1.20000000e+00  0.00000000e+00  1.19999972e+00 -4.21204478e-07 
 1.54650000e-07  1.20008306e+00  5.22546617e-01  0.00000000e+00  0.00000000e+00  1.20000000e+00  0.00000000e+00  1.20000011e+00  4.67257296e-07 
 1.54750000e-07  1.20008252e+00  5.22546603e-01  0.00000000e+00  0.00000000e+00  1.20000000e+00  0.00000000e+00  1.19999971e+00 -4.30597686e-07 
 1.54850000e-07  1.20008199e+00  5.22546592e-01  0.00000000e+00  0.00000000e+00  1.20000000e+00  0.00000000e+00  1.20000012e+00  4.75519595e-07 
 1.54950000e-07  1.20008145e+00  5.22546577e-01  0.00000000e+00  0.00000000e+00  1.20000000e+00  0.00000000e+00  1.19999970e+00 -4.37827725e-07 
 1.55050000e-07  1.20008092e+00  5.22546566e-01  0.00000000e+00  0.00000000e+00  1.20000000e+00  0.00000000e+00  1.20000013e+00  4.81807566e-07 
 1.55150000e-07  1.20008040e+00  5.22546551e-01  0.00000000e+00  0.00000000e+00  1.20000000e+00  0.00000000e+00  1.19999970e+00 -4.43256009e-07 
 1.55250000e-07  1.20007987e+00  5.22546541e-01  0.00000000e+00  0.00000000e+00  1.20000000e+00  0.00000000e+00  1.20000013e+00  4.86451433e-07 
 1.55350000e-07  1.20007935e+00  5.22546526e-01  0.00000000e+00  0.00000000e+00  1.20000000e+00  0.00000000e+00  1.19999969e+00 -4.47184258e-07 
 1.55450000e-07  1.20007884e+00  5.22546515e-01  0.00000000e+00  0.00000000e+00  1.20000000e+00  0.00000000e+00  1.20000014e+00  4.89726885e-07 
 1.55550000e-07  1.20007833e+00  5.22546500e-01  0.00000000e+00  0.00000000e+00  1.20000000e+00  0.00000000e+00  1.19999969e+00 -4.49864360e-07 
 1.55650000e-07  1.20007782e+00  5.22546489e-01  0.00000000e+00  0.00000000e+00  1.20000000e+00  0.00000000e+00  1.20000014e+00  4.91864063e-07 
 1.55750000e-07  1.20007731e+00  5.22546475e-01  0.00000000e+00  0.00000000e+00  1.20000000e+00  0.00000000e+00  1.19999968e+00 -4.51506600e-07 
 1.55850000e-07  1.20007681e+00  5.22546464e-01  0.00000000e+00  0.00000000e+00  1.20000000e+00  0.00000000e+00  1.20000014e+00  4.93055105e-07 
 1.55950000e-07  1.20007631e+00  5.22546449e-01  0.00000000e+00  0.00000000e+00  1.20000000e+00  0.00000000e+00  1.19999968e+00 -4.52286510e-07 
 1.56050000e-07  1.20007581e+00  5.22546438e-01  0.00000000e+00  0.00000000e+00  1.20000000e+00  0.00000000e+00  1.20000015e+00  4.93460383e-07 
 1.56150000e-07  1.20007532e+00  5.22546424e-01  0.00000000e+00  0.00000000e+00  1.20000000e+00  0.00000000e+00  1.19999968e+00 -4.52350627e-07 
 1.56250000e-07  1.20007483e+00  5.22546413e-01  0.00000000e+00  0.00000000e+00  1.20000000e+00  0.00000000e+00  1.20000015e+00  4.93213783e-07 
 1.56350000e-07  1.20007434e+00  5.22546398e-01  0.00000000e+00  0.00000000e+00  1.20000000e+00  0.00000000e+00  1.19999968e+00 -4.51821263e-07 
 1.56450000e-07  1.20007386e+00  5.22546387e-01  0.00000000e+00  0.00000000e+00  1.20000000e+00  0.00000000e+00  1.20000015e+00  4.92427056e-07 
 1.56550000e-07  1.20007338e+00  5.22546373e-01  0.00000000e+00  0.00000000e+00  1.20000000e+00  0.00000000e+00  1.19999967e+00 -4.50800521e-07 
 1.56650000e-07  1.20007290e+00  5.22546362e-01  0.00000000e+00  0.00000000e+00  1.20000000e+00  0.00000000e+00  1.20000015e+00  4.91193475e-07 
 1.56750000e-07  1.20007243e+00  5.22546347e-01  0.00000000e+00  0.00000000e+00  1.20000000e+00  0.00000000e+00  1.19999967e+00 -4.49373612e-07 
 1.56850000e-07  1.20007196e+00  5.22546336e-01  0.00000000e+00  0.00000000e+00  1.20000000e+00  0.00000000e+00  1.20000015e+00  4.89590902e-07 
 1.56950000e-07  1.20007149e+00  5.22546322e-01  0.00000000e+00  0.00000000e+00  1.20000000e+00  0.00000000e+00  1.19999967e+00 -4.47611667e-07 
 1.57050000e-07  1.20007102e+00  5.22546311e-01  0.00000000e+00  0.00000000e+00  1.20000000e+00  0.00000000e+00  1.20000015e+00  4.87684310e-07 
 1.57150000e-07  1.20007056e+00  5.22546297e-01  0.00000000e+00  0.00000000e+00  1.20000000e+00  0.00000000e+00  1.19999967e+00 -4.45574047e-07 
 1.57250000e-07  1.20007010e+00  5.22546286e-01  0.00000000e+00  0.00000000e+00  1.20000000e+00  0.00000000e+00  1.20000015e+00  4.85527926e-07 
 1.57350000e-07  1.20006964e+00  5.22546271e-01  0.00000000e+00  0.00000000e+00  1.20000000e+00  0.00000000e+00  1.19999967e+00 -4.43310270e-07 
 1.57450000e-07  1.20006919e+00  5.22546260e-01  0.00000000e+00  0.00000000e+00  1.20000000e+00  0.00000000e+00  1.20000016e+00  4.83166981e-07 
 1.57550000e-07  1.20006874e+00  5.22546246e-01  0.00000000e+00  0.00000000e+00  1.20000000e+00  0.00000000e+00  1.19999967e+00 -4.40861666e-07 
 1.57650000e-07  1.20006829e+00  5.22546235e-01  0.00000000e+00  0.00000000e+00  1.20000000e+00  0.00000000e+00  1.20000016e+00  4.80639235e-07 
 1.57750000e-07  1.20006785e+00  5.22546220e-01  0.00000000e+00  0.00000000e+00  1.20000000e+00  0.00000000e+00  1.19999967e+00 -4.38262727e-07 
 1.57850000e-07  1.20006741e+00  5.22546209e-01  0.00000000e+00  0.00000000e+00  1.20000000e+00  0.00000000e+00  1.20000016e+00  4.77976189e-07 
 1.57950000e-07  1.20006697e+00  5.22546195e-01  0.00000000e+00  0.00000000e+00  1.20000000e+00  0.00000000e+00  1.19999967e+00 -4.35542211e-07 
 1.58050000e-07  1.20006653e+00  5.22546184e-01  0.00000000e+00  0.00000000e+00  1.20000000e+00  0.00000000e+00  1.20000016e+00  4.75204096e-07 
 1.58150000e-07  1.20006610e+00  5.22546170e-01  0.00000000e+00  0.00000000e+00  1.20000000e+00  0.00000000e+00  1.19999967e+00 -4.32724099e-07 
 1.58250000e-07  1.20006567e+00  5.22546158e-01  0.00000000e+00  0.00000000e+00  1.20000000e+00  0.00000000e+00  1.20000016e+00  4.72344869e-07 
 1.58350000e-07  1.20006524e+00  5.22546144e-01  0.00000000e+00  0.00000000e+00  1.20000000e+00  0.00000000e+00  1.19999967e+00 -4.29828403e-07 
 1.58450000e-07  1.20006482e+00  5.22546133e-01  0.00000000e+00  0.00000000e+00  1.20000000e+00  0.00000000e+00  1.20000016e+00  4.69416776e-07 
 1.58550000e-07  1.20006439e+00  5.22546119e-01  0.00000000e+00  0.00000000e+00  1.20000000e+00  0.00000000e+00  1.19999967e+00 -4.26871798e-07 
 1.58650000e-07  1.20006398e+00  5.22546108e-01  0.00000000e+00  0.00000000e+00  1.20000000e+00  0.00000000e+00  1.20000016e+00  4.66435041e-07 
 1.58750000e-07  1.20006356e+00  5.22546093e-01  0.00000000e+00  0.00000000e+00  1.20000000e+00  0.00000000e+00  1.19999967e+00 -4.23868184e-07 
 1.58850000e-07  1.20006315e+00  5.22546082e-01  0.00000000e+00  0.00000000e+00  1.20000000e+00  0.00000000e+00  1.20000016e+00  4.63412351e-07 
 1.58950000e-07  1.20006273e+00  5.22546068e-01  0.00000000e+00  0.00000000e+00  1.20000000e+00  0.00000000e+00  1.19999967e+00 -4.20829136e-07 
 1.59050000e-07  1.20006233e+00  5.22546057e-01  0.00000000e+00  0.00000000e+00  1.20000000e+00  0.00000000e+00  1.20000016e+00  4.60359262e-07 
 1.59150000e-07  1.20006192e+00  5.22546043e-01  0.00000000e+00  0.00000000e+00  1.20000000e+00  0.00000000e+00  1.19999967e+00 -4.17764291e-07 
 1.59250000e-07  1.20006152e+00  5.22546032e-01  0.00000000e+00  0.00000000e+00  1.20000000e+00  0.00000000e+00  1.20000016e+00  4.57284585e-07 
 1.59350000e-07  1.20006112e+00  5.22546017e-01  0.00000000e+00  0.00000000e+00  1.20000000e+00  0.00000000e+00  1.19999967e+00 -4.14681689e-07 
 1.59450000e-07  1.20006072e+00  5.22546006e-01  0.00000000e+00  0.00000000e+00  1.20000000e+00  0.00000000e+00  1.20000016e+00  4.54195641e-07 
 1.59550000e-07  1.20006032e+00  5.22545992e-01  0.00000000e+00  0.00000000e+00  1.20000000e+00  0.00000000e+00  1.19999967e+00 -4.11588002e-07 
 1.59650000e-07  1.20005993e+00  5.22545981e-01  0.00000000e+00  0.00000000e+00  1.20000000e+00  0.00000000e+00  1.20000016e+00  4.51098513e-07 
 1.59750000e-07  1.20005954e+00  5.22545967e-01  0.00000000e+00  0.00000000e+00  1.20000000e+00  0.00000000e+00  1.19999967e+00 -4.08488776e-07 
 1.59850000e-07  1.20005915e+00  5.22545956e-01  0.00000000e+00  0.00000000e+00  1.20000000e+00  0.00000000e+00  1.20000016e+00  4.47998259e-07 
 1.59950000e-07  1.20005877e+00  5.22545942e-01  0.00000000e+00  0.00000000e+00  1.20000000e+00  0.00000000e+00  1.19999967e+00 -4.05388618e-07 
 1.60050000e-07  1.20005838e+00  5.22545930e-01  0.00000000e+00  0.00000000e+00  1.20000000e+00  0.00000000e+00  1.20000016e+00  4.44899075e-07 
 1.60150000e-07  1.20005800e+00  5.22545916e-01  0.00000000e+00  0.00000000e+00  1.20000000e+00  0.00000000e+00  1.19999967e+00 -4.02291358e-07 
 1.60250000e-07  1.20005763e+00  5.22545905e-01  0.00000000e+00  0.00000000e+00  1.20000000e+00  0.00000000e+00  1.20000016e+00  4.41804456e-07 
 1.60350000e-07  1.20005725e+00  5.22545891e-01  0.00000000e+00  0.00000000e+00  1.20000000e+00  0.00000000e+00  1.19999967e+00 -3.99200170e-07 
 1.60450000e-07  1.20005688e+00  5.22545880e-01  0.00000000e+00  0.00000000e+00  1.20000000e+00  0.00000000e+00  1.20000015e+00  4.38717273e-07 
 1.60550000e-07  1.20005651e+00  5.22545866e-01  0.00000000e+00  0.00000000e+00  1.20000000e+00  0.00000000e+00  1.19999967e+00 -3.96117664e-07 
 1.60650000e-07  1.20005614e+00  5.22545854e-01  0.00000000e+00  0.00000000e+00  1.20000000e+00  0.00000000e+00  1.20000015e+00  4.35639912e-07 
 1.60750000e-07  1.20005577e+00  5.22545840e-01  0.00000000e+00  0.00000000e+00  1.20000000e+00  0.00000000e+00  1.19999967e+00 -3.93046011e-07 
 1.60850000e-07  1.20005541e+00  5.22545829e-01  0.00000000e+00  0.00000000e+00  1.20000000e+00  0.00000000e+00  1.20000015e+00  4.32574341e-07 
 1.60950000e-07  1.20005505e+00  5.22545815e-01  0.00000000e+00  0.00000000e+00  1.20000000e+00  0.00000000e+00  1.19999967e+00 -3.89986994e-07 
 1.61050000e-07  1.20005469e+00  5.22545804e-01  0.00000000e+00  0.00000000e+00  1.20000000e+00  0.00000000e+00  1.20000015e+00  4.29522173e-07 
 1.61150000e-07  1.20005433e+00  5.22545790e-01  0.00000000e+00  0.00000000e+00  1.20000000e+00  0.00000000e+00  1.19999967e+00 -3.86942079e-07 
 1.61250000e-07  1.20005398e+00  5.22545779e-01  0.00000000e+00  0.00000000e+00  1.20000000e+00  0.00000000e+00  1.20000015e+00  4.26484742e-07 
 1.61350000e-07  1.20005363e+00  5.22545765e-01  0.00000000e+00  0.00000000e+00  1.20000000e+00  0.00000000e+00  1.19999967e+00 -3.83912469e-07 
 1.61450000e-07  1.20005328e+00  5.22545753e-01  0.00000000e+00  0.00000000e+00  1.20000000e+00  0.00000000e+00  1.20000015e+00  4.23463125e-07 
 1.61550000e-07  1.20005293e+00  5.22545739e-01  0.00000000e+00  0.00000000e+00  1.20000000e+00  0.00000000e+00  1.19999967e+00 -3.80899136e-07 
 1.61650000e-07  1.20005259e+00  5.22545728e-01  0.00000000e+00  0.00000000e+00  1.20000000e+00  0.00000000e+00  1.20000015e+00  4.20458213e-07 
 1.61750000e-07  1.20005224e+00  5.22545714e-01  0.00000000e+00  0.00000000e+00  1.20000000e+00  0.00000000e+00  1.19999967e+00 -3.77902886e-07 
 1.61850000e-07  1.20005190e+00  5.22545703e-01  0.00000000e+00  0.00000000e+00  1.20000000e+00  0.00000000e+00  1.20000015e+00  4.17470717e-07 
 1.61950000e-07  1.20005156e+00  5.22545689e-01  0.00000000e+00  0.00000000e+00  1.20000000e+00  0.00000000e+00  1.19999967e+00 -3.74924351e-07 
 1.62050000e-07  1.20005123e+00  5.22545678e-01  0.00000000e+00  0.00000000e+00  1.20000000e+00  0.00000000e+00  1.20000015e+00  4.14501207e-07 
 1.62150000e-07  1.20005089e+00  5.22545664e-01  0.00000000e+00  0.00000000e+00  1.20000000e+00  0.00000000e+00  1.19999967e+00 -3.71964043e-07 
 1.62250000e-07  1.20005056e+00  5.22545653e-01  0.00000000e+00  0.00000000e+00  1.20000000e+00  0.00000000e+00  1.20000015e+00  4.11550141e-07 
 1.62350000e-07  1.20005023e+00  5.22545639e-01  0.00000000e+00  0.00000000e+00  1.20000000e+00  0.00000000e+00  1.19999968e+00 -3.69022370e-07 
 1.62450000e-07  1.20004991e+00  5.22545627e-01  0.00000000e+00  0.00000000e+00  1.20000000e+00  0.00000000e+00  1.20000015e+00  4.08617877e-07 
 1.62550000e-07  1.20004958e+00  5.22545613e-01  0.00000000e+00  0.00000000e+00  1.20000000e+00  0.00000000e+00  1.19999968e+00 -3.66099646e-07 
 1.62650000e-07  1.20004926e+00  5.22545602e-01  0.00000000e+00  0.00000000e+00  1.20000000e+00  0.00000000e+00  1.20000015e+00  4.05704691e-07 
 1.62750000e-07  1.20004893e+00  5.22545588e-01  0.00000000e+00  0.00000000e+00  1.20000000e+00  0.00000000e+00  1.19999968e+00 -3.63196107e-07 
 1.62850000e-07  1.20004862e+00  5.22545577e-01  0.00000000e+00  0.00000000e+00  1.20000000e+00  0.00000000e+00  1.20000015e+00  4.02810791e-07 
 1.62950000e-07  1.20004830e+00  5.22545563e-01  0.00000000e+00  0.00000000e+00  1.20000000e+00  0.00000000e+00  1.19999968e+00 -3.60311941e-07 
 1.63050000e-07  1.20004798e+00  5.22545552e-01  0.00000000e+00  0.00000000e+00  1.20000000e+00  0.00000000e+00  1.20000015e+00  3.99936325e-07 
 1.63150000e-07  1.20004767e+00  5.22545538e-01  0.00000000e+00  0.00000000e+00  1.20000000e+00  0.00000000e+00  1.19999968e+00 -3.57447259e-07 
 1.63250000e-07  1.20004736e+00  5.22545527e-01  0.00000000e+00  0.00000000e+00  1.20000000e+00  0.00000000e+00  1.20000015e+00  3.97081396e-07 
 1.63350000e-07  1.20004705e+00  5.22545513e-01  0.00000000e+00  0.00000000e+00  1.20000000e+00  0.00000000e+00  1.19999968e+00 -3.54602155e-07 
 1.63450000e-07  1.20004674e+00  5.22545501e-01  0.00000000e+00  0.00000000e+00  1.20000000e+00  0.00000000e+00  1.20000015e+00  3.94246073e-07 
 1.63550000e-07  1.20004644e+00  5.22545488e-01  0.00000000e+00  0.00000000e+00  1.20000000e+00  0.00000000e+00  1.19999968e+00 -3.51776676e-07 
 1.63650000e-07  1.20004614e+00  5.22545476e-01  0.00000000e+00  0.00000000e+00  1.20000000e+00  0.00000000e+00  1.20000015e+00  3.91430387e-07 
 1.63750000e-07  1.20004583e+00  5.22545463e-01  0.00000000e+00  0.00000000e+00  1.20000000e+00  0.00000000e+00  1.19999968e+00 -3.48970841e-07 
 1.63850000e-07  1.20004554e+00  5.22545451e-01  0.00000000e+00  0.00000000e+00  1.20000000e+00  0.00000000e+00  1.20000015e+00  3.88634349e-07 
 1.63950000e-07  1.20004524e+00  5.22545437e-01  0.00000000e+00  0.00000000e+00  1.20000000e+00  0.00000000e+00  1.19999968e+00 -3.46184646e-07 
 1.64050000e-07  1.20004494e+00  5.22545426e-01  0.00000000e+00  0.00000000e+00  1.20000000e+00  0.00000000e+00  1.20000015e+00  3.85857938e-07 
 1.64150000e-07  1.20004465e+00  5.22545412e-01  0.00000000e+00  0.00000000e+00  1.20000000e+00  0.00000000e+00  1.19999968e+00 -3.43418054e-07 
 1.64250000e-07  1.20004436e+00  5.22545401e-01  0.00000000e+00  0.00000000e+00  1.20000000e+00  0.00000000e+00  1.20000015e+00  3.83101104e-07 
 1.64350000e-07  1.20004407e+00  5.22545387e-01  0.00000000e+00  0.00000000e+00  1.20000000e+00  0.00000000e+00  1.19999968e+00 -3.40671025e-07 
 1.64450000e-07  1.20004378e+00  5.22545376e-01  0.00000000e+00  0.00000000e+00  1.20000000e+00  0.00000000e+00  1.20000014e+00  3.80363816e-07 
 1.64550000e-07  1.20004350e+00  5.22545362e-01  0.00000000e+00  0.00000000e+00  1.20000000e+00  0.00000000e+00  1.19999968e+00 -3.37943504e-07 
 1.64650000e-07  1.20004321e+00  5.22545351e-01  0.00000000e+00  0.00000000e+00  1.20000000e+00  0.00000000e+00  1.20000014e+00  3.77645996e-07 
 1.64750000e-07  1.20004293e+00  5.22545337e-01  0.00000000e+00  0.00000000e+00  1.20000000e+00  0.00000000e+00  1.19999968e+00 -3.35235416e-07 
 1.64850000e-07  1.20004265e+00  5.22545326e-01  0.00000000e+00  0.00000000e+00  1.20000000e+00  0.00000000e+00  1.20000014e+00  3.74947569e-07 
 1.64950000e-07  1.20004237e+00  5.22545312e-01  0.00000000e+00  0.00000000e+00  1.20000000e+00  0.00000000e+00  1.19999968e+00 -3.32546678e-07 
 1.65050000e-07  1.20004209e+00  5.22545300e-01  0.00000000e+00  0.00000000e+00  1.20000000e+00  0.00000000e+00  1.20000014e+00  3.72268456e-07 
 1.65150000e-07  1.20004182e+00  5.22545287e-01  0.00000000e+00  0.00000000e+00  1.20000000e+00  0.00000000e+00  1.19999968e+00 -3.29877213e-07 
 1.65250000e-07  1.20004155e+00  5.22545275e-01  0.00000000e+00  0.00000000e+00  1.20000000e+00  0.00000000e+00  1.20000014e+00  3.69608568e-07 
 1.65350000e-07  1.20004127e+00  5.22545262e-01  0.00000000e+00  0.00000000e+00  1.20000000e+00  0.00000000e+00  1.19999968e+00 -3.27226921e-07 
 1.65450000e-07  1.20004101e+00  5.22545250e-01  0.00000000e+00  0.00000000e+00  1.20000000e+00  0.00000000e+00  1.20000014e+00  3.66967805e-07 
 1.65550000e-07  1.20004074e+00  5.22545237e-01  0.00000000e+00  0.00000000e+00  1.20000000e+00  0.00000000e+00  1.19999968e+00 -3.24595705e-07 
 1.65650000e-07  1.20004047e+00  5.22545225e-01  0.00000000e+00  0.00000000e+00  1.20000000e+00  0.00000000e+00  1.20000014e+00  3.64346066e-07 
 1.65750000e-07  1.20004021e+00  5.22545211e-01  0.00000000e+00  0.00000000e+00  1.20000000e+00  0.00000000e+00  1.19999969e+00 -3.21983460e-07 
 1.65850000e-07  1.20003994e+00  5.22545200e-01  0.00000000e+00  0.00000000e+00  1.20000000e+00  0.00000000e+00  1.20000014e+00  3.61743243e-07 
 1.65950000e-07  1.20003968e+00  5.22545186e-01  0.00000000e+00  0.00000000e+00  1.20000000e+00  0.00000000e+00  1.19999969e+00 -3.19390074e-07 
 1.66050000e-07  1.20003942e+00  5.22545175e-01  0.00000000e+00  0.00000000e+00  1.20000000e+00  0.00000000e+00  1.20000014e+00  3.59159228e-07 
 1.66150000e-07  1.20003917e+00  5.22545161e-01  0.00000000e+00  0.00000000e+00  1.20000000e+00  0.00000000e+00  1.19999969e+00 -3.16815444e-07 
 1.66250000e-07  1.20003891e+00  5.22545150e-01  0.00000000e+00  0.00000000e+00  1.20000000e+00  0.00000000e+00  1.20000014e+00  3.56593910e-07 
 1.66350000e-07  1.20003866e+00  5.22545136e-01  0.00000000e+00  0.00000000e+00  1.20000000e+00  0.00000000e+00  1.19999969e+00 -3.14259453e-07 
 1.66450000e-07  1.20003840e+00  5.22545125e-01  0.00000000e+00  0.00000000e+00  1.20000000e+00  0.00000000e+00  1.20000014e+00  3.54047179e-07 
 1.66550000e-07  1.20003815e+00  5.22545111e-01  0.00000000e+00  0.00000000e+00  1.20000000e+00  0.00000000e+00  1.19999969e+00 -3.11721992e-07 
 1.66650000e-07  1.20003790e+00  5.22545100e-01  0.00000000e+00  0.00000000e+00  1.20000000e+00  0.00000000e+00  1.20000014e+00  3.51518922e-07 
 1.66750000e-07  1.20003766e+00  5.22545086e-01  0.00000000e+00  0.00000000e+00  1.20000000e+00  0.00000000e+00  1.19999969e+00 -3.09202945e-07 
 1.66850000e-07  1.20003741e+00  5.22545075e-01  0.00000000e+00  0.00000000e+00  1.20000000e+00  0.00000000e+00  1.20000014e+00  3.49009015e-07 
 1.66950000e-07  1.20003716e+00  5.22545061e-01  0.00000000e+00  0.00000000e+00  1.20000000e+00  0.00000000e+00  1.19999969e+00 -3.06702190e-07 
 1.67050000e-07  1.20003692e+00  5.22545050e-01  0.00000000e+00  0.00000000e+00  1.20000000e+00  0.00000000e+00  1.20000014e+00  3.46517350e-07 
 1.67150000e-07  1.20003668e+00  5.22545036e-01  0.00000000e+00  0.00000000e+00  1.20000000e+00  0.00000000e+00  1.19999969e+00 -3.04219619e-07 
 1.67250000e-07  1.20003644e+00  5.22545025e-01  0.00000000e+00  0.00000000e+00  1.20000000e+00  0.00000000e+00  1.20000014e+00  3.44043801e-07 
 1.67350000e-07  1.20003620e+00  5.22545011e-01  0.00000000e+00  0.00000000e+00  1.20000000e+00  0.00000000e+00  1.19999969e+00 -3.01755107e-07 
 1.67450000e-07  1.20003597e+00  5.22545000e-01  0.00000000e+00  0.00000000e+00  1.20000000e+00  0.00000000e+00  1.20000013e+00  3.41588262e-07 
 1.67550000e-07  1.20003573e+00  5.22544986e-01  0.00000000e+00  0.00000000e+00  1.20000000e+00  0.00000000e+00  1.19999969e+00 -2.99308539e-07 
 1.67650000e-07  1.20003550e+00  5.22544975e-01  0.00000000e+00  0.00000000e+00  1.20000000e+00  0.00000000e+00  1.20000013e+00  3.39150602e-07 
 1.67750000e-07  1.20003526e+00  5.22544961e-01  0.00000000e+00  0.00000000e+00  1.20000000e+00  0.00000000e+00  1.19999969e+00 -2.96879794e-07 
 1.67850000e-07  1.20003503e+00  5.22544950e-01  0.00000000e+00  0.00000000e+00  1.20000000e+00  0.00000000e+00  1.20000013e+00  3.36730710e-07 
 1.67950000e-07  1.20003480e+00  5.22544936e-01  0.00000000e+00  0.00000000e+00  1.20000000e+00  0.00000000e+00  1.19999969e+00 -2.94468762e-07 
 1.68050000e-07  1.20003458e+00  5.22544925e-01  0.00000000e+00  0.00000000e+00  1.20000000e+00  0.00000000e+00  1.20000013e+00  3.34328471e-07 
 1.68150000e-07  1.20003435e+00  5.22544911e-01  0.00000000e+00  0.00000000e+00  1.20000000e+00  0.00000000e+00  1.19999969e+00 -2.92075317e-07 
 1.68250000e-07  1.20003413e+00  5.22544900e-01  0.00000000e+00  0.00000000e+00  1.20000000e+00  0.00000000e+00  1.20000013e+00  3.31943763e-07 
 1.68350000e-07  1.20003390e+00  5.22544886e-01  0.00000000e+00  0.00000000e+00  1.20000000e+00  0.00000000e+00  1.19999969e+00 -2.89699353e-07 
 1.68450000e-07  1.20003368e+00  5.22544875e-01  0.00000000e+00  0.00000000e+00  1.20000000e+00  0.00000000e+00  1.20000013e+00  3.29576480e-07 
 1.68550000e-07  1.20003346e+00  5.22544861e-01  0.00000000e+00  0.00000000e+00  1.20000000e+00  0.00000000e+00  1.19999970e+00 -2.87340750e-07 
 1.68650000e-07  1.20003324e+00  5.22544850e-01  0.00000000e+00  0.00000000e+00  1.20000000e+00  0.00000000e+00  1.20000013e+00  3.27226494e-07 
 1.68750000e-07  1.20003302e+00  5.22544836e-01  0.00000000e+00  0.00000000e+00  1.20000000e+00  0.00000000e+00  1.19999970e+00 -2.84999383e-07 
 1.68850000e-07  1.20003281e+00  5.22544825e-01  0.00000000e+00  0.00000000e+00  1.20000000e+00  0.00000000e+00  1.20000013e+00  3.24893684e-07 
 1.68950000e-07  1.20003259e+00  5.22544811e-01  0.00000000e+00  0.00000000e+00  1.20000000e+00  0.00000000e+00  1.19999970e+00 -2.82675136e-07 
 1.69050000e-07  1.20003238e+00  5.22544800e-01  0.00000000e+00  0.00000000e+00  1.20000000e+00  0.00000000e+00  1.20000013e+00  3.22577944e-07 
 1.69150000e-07  1.20003217e+00  5.22544786e-01  0.00000000e+00  0.00000000e+00  1.20000000e+00  0.00000000e+00  1.19999970e+00 -2.80367898e-07 
 1.69250000e-07  1.20003196e+00  5.22544775e-01  0.00000000e+00  0.00000000e+00  1.20000000e+00  0.00000000e+00  1.20000013e+00  3.20279151e-07 
 1.69350000e-07  1.20003175e+00  5.22544761e-01  0.00000000e+00  0.00000000e+00  1.20000000e+00  0.00000000e+00  1.19999970e+00 -2.78077556e-07 
 1.69450000e-07  1.20003154e+00  5.22544750e-01  0.00000000e+00  0.00000000e+00  1.20000000e+00  0.00000000e+00  1.20000013e+00  3.17997201e-07 
 1.69550000e-07  1.20003133e+00  5.22544736e-01  0.00000000e+00  0.00000000e+00  1.20000000e+00  0.00000000e+00  1.19999970e+00 -2.75803994e-07 
 1.69650000e-07  1.20003113e+00  5.22544725e-01  0.00000000e+00  0.00000000e+00  1.20000000e+00  0.00000000e+00  1.20000013e+00  3.15731971e-07 
 1.69750000e-07  1.20003092e+00  5.22544711e-01  0.00000000e+00  0.00000000e+00  1.20000000e+00  0.00000000e+00  1.19999970e+00 -2.73547096e-07 
 1.69850000e-07  1.20003072e+00  5.22544700e-01  0.00000000e+00  0.00000000e+00  1.20000000e+00  0.00000000e+00  1.20000013e+00  3.13483345e-07 
 1.69950000e-07  1.20003052e+00  5.22544686e-01  0.00000000e+00  0.00000000e+00  1.20000000e+00  0.00000000e+00  1.19999970e+00 -2.71306746e-07 
 1.70050000e-07  1.20003032e+00  5.22544675e-01  0.00000000e+00  0.00000000e+00  1.20000000e+00  0.00000000e+00  1.20000012e+00  3.11251219e-07 
 1.70150000e-07  1.20003012e+00  5.22544661e-01  0.00000000e+00  0.00000000e+00  1.20000000e+00  0.00000000e+00  1.19999970e+00 -2.69082838e-07 
 1.70250000e-07  1.20002993e+00  5.22544650e-01  0.00000000e+00  0.00000000e+00  1.20000000e+00  0.00000000e+00  1.20000012e+00  3.09035471e-07 
 1.70350000e-07  1.20002973e+00  5.22544636e-01  0.00000000e+00  0.00000000e+00  1.20000000e+00  0.00000000e+00  1.19999970e+00 -2.66875249e-07 
 1.70450000e-07  1.20002953e+00  5.22544625e-01  0.00000000e+00  0.00000000e+00  1.20000000e+00  0.00000000e+00  1.20000012e+00  3.06835994e-07 
 1.70550000e-07  1.20002934e+00  5.22544612e-01  0.00000000e+00  0.00000000e+00  1.20000000e+00  0.00000000e+00  1.19999970e+00 -2.64683882e-07 
 1.70650000e-07  1.20002915e+00  5.22544600e-01  0.00000000e+00  0.00000000e+00  1.20000000e+00  0.00000000e+00  1.20000012e+00  3.04652678e-07 
 1.70750000e-07  1.20002896e+00  5.22544587e-01  0.00000000e+00  0.00000000e+00  1.20000000e+00  0.00000000e+00  1.19999970e+00 -2.62508613e-07 
 1.70850000e-07  1.20002877e+00  5.22544575e-01  0.00000000e+00  0.00000000e+00  1.20000000e+00  0.00000000e+00  1.20000012e+00  3.02485403e-07 
 1.70950000e-07  1.20002858e+00  5.22544562e-01  0.00000000e+00  0.00000000e+00  1.20000000e+00  0.00000000e+00  1.19999971e+00 -2.60349330e-07 
 1.71050000e-07  1.20002839e+00  5.22544550e-01  0.00000000e+00  0.00000000e+00  1.20000000e+00  0.00000000e+00  1.20000012e+00  3.00334063e-07 
 1.71150000e-07  1.20002820e+00  5.22544537e-01  0.00000000e+00  0.00000000e+00  1.20000000e+00  0.00000000e+00  1.19999971e+00 -2.58205932e-07 
 1.71250000e-07  1.20002802e+00  5.22544525e-01  0.00000000e+00  0.00000000e+00  1.20000000e+00  0.00000000e+00  1.20000012e+00  2.98198554e-07 
 1.71350000e-07  1.20002784e+00  5.22544512e-01  0.00000000e+00  0.00000000e+00  1.20000000e+00  0.00000000e+00  1.19999971e+00 -2.56078309e-07 
 1.71450000e-07  1.20002765e+00  5.22544500e-01  0.00000000e+00  0.00000000e+00  1.20000000e+00  0.00000000e+00  1.20000012e+00  2.96078767e-07 
 1.71550000e-07  1.20002747e+00  5.22544487e-01  0.00000000e+00  0.00000000e+00  1.20000000e+00  0.00000000e+00  1.19999971e+00 -2.53966347e-07 
 1.71650000e-07  1.20002729e+00  5.22544475e-01  0.00000000e+00  0.00000000e+00  1.20000000e+00  0.00000000e+00  1.20000012e+00  2.93974581e-07 
 1.71750000e-07  1.20002711e+00  5.22544462e-01  0.00000000e+00  0.00000000e+00  1.20000000e+00  0.00000000e+00  1.19999971e+00 -2.51869938e-07 
 1.71850000e-07  1.20002694e+00  5.22544450e-01  0.00000000e+00  0.00000000e+00  1.20000000e+00  0.00000000e+00  1.20000012e+00  2.91885899e-07 
 1.71950000e-07  1.20002676e+00  5.22544437e-01  0.00000000e+00  0.00000000e+00  1.20000000e+00  0.00000000e+00  1.19999971e+00 -2.49788979e-07 
 1.72050000e-07  1.20002658e+00  5.22544425e-01  0.00000000e+00  0.00000000e+00  1.20000000e+00  0.00000000e+00  1.20000012e+00  2.89812617e-07 
 1.72150000e-07  1.20002641e+00  5.22544412e-01  0.00000000e+00  0.00000000e+00  1.20000000e+00  0.00000000e+00  1.19999971e+00 -2.47723365e-07 
 1.72250000e-07  1.20002624e+00  5.22544401e-01  0.00000000e+00  0.00000000e+00  1.20000000e+00  0.00000000e+00  1.20000012e+00  2.87754622e-07 
 1.72350000e-07  1.20002606e+00  5.22544387e-01  0.00000000e+00  0.00000000e+00  1.20000000e+00  0.00000000e+00  1.19999971e+00 -2.45672986e-07 
 1.72450000e-07  1.20002589e+00  5.22544376e-01  0.00000000e+00  0.00000000e+00  1.20000000e+00  0.00000000e+00  1.20000011e+00  2.85711811e-07 
 1.72550000e-07  1.20002572e+00  5.22544362e-01  0.00000000e+00  0.00000000e+00  1.20000000e+00  0.00000000e+00  1.19999971e+00 -2.43637734e-07 
 1.72650000e-07  1.20002555e+00  5.22544351e-01  0.00000000e+00  0.00000000e+00  1.20000000e+00  0.00000000e+00  1.20000011e+00  2.83684070e-07 
 1.72750000e-07  1.20002538e+00  5.22544338e-01  0.00000000e+00  0.00000000e+00  1.20000000e+00  0.00000000e+00  1.19999971e+00 -2.41617507e-07 
 1.72850000e-07  1.20002522e+00  5.22544326e-01  0.00000000e+00  0.00000000e+00  1.20000000e+00  0.00000000e+00  1.20000011e+00  2.81671314e-07 
 1.72950000e-07  1.20002505e+00  5.22544313e-01  0.00000000e+00  0.00000000e+00  1.20000000e+00  0.00000000e+00  1.19999971e+00 -2.39612207e-07 
 1.73050000e-07  1.20002489e+00  5.22544301e-01  0.00000000e+00  0.00000000e+00  1.20000000e+00  0.00000000e+00  1.20000011e+00  2.79673423e-07 
 1.73150000e-07  1.20002472e+00  5.22544288e-01  0.00000000e+00  0.00000000e+00  1.20000000e+00  0.00000000e+00  1.19999971e+00 -2.37621720e-07 
 1.73250000e-07  1.20002456e+00  5.22544276e-01  0.00000000e+00  0.00000000e+00  1.20000000e+00  0.00000000e+00  1.20000011e+00  2.77690292e-07 
 1.73350000e-07  1.20002440e+00  5.22544263e-01  0.00000000e+00  0.00000000e+00  1.20000000e+00  0.00000000e+00  1.19999972e+00 -2.35645941e-07 
 1.73450000e-07  1.20002424e+00  5.22544251e-01  0.00000000e+00  0.00000000e+00  1.20000000e+00  0.00000000e+00  1.20000011e+00  2.75721823e-07 
 1.73550000e-07  1.20002408e+00  5.22544238e-01  0.00000000e+00  0.00000000e+00  1.20000000e+00  0.00000000e+00  1.19999972e+00 -2.33684773e-07 
 1.73650000e-07  1.20002392e+00  5.22544226e-01  0.00000000e+00  0.00000000e+00  1.20000000e+00  0.00000000e+00  1.20000011e+00  2.73767916e-07 
 1.73750000e-07  1.20002376e+00  5.22544213e-01  0.00000000e+00  0.00000000e+00  1.20000000e+00  0.00000000e+00  1.19999972e+00 -2.31738120e-07 
 1.73850000e-07  1.20002361e+00  5.22544201e-01  0.00000000e+00  0.00000000e+00  1.20000000e+00  0.00000000e+00  1.20000011e+00  2.71828472e-07 
 1.73950000e-07  1.20002345e+00  5.22544188e-01  0.00000000e+00  0.00000000e+00  1.20000000e+00  0.00000000e+00  1.19999972e+00 -2.29805877e-07 
 1.74050000e-07  1.20002330e+00  5.22544177e-01  0.00000000e+00  0.00000000e+00  1.20000000e+00  0.00000000e+00  1.20000011e+00  2.69903387e-07 
 1.74150000e-07  1.20002315e+00  5.22544163e-01  0.00000000e+00  0.00000000e+00  1.20000000e+00  0.00000000e+00  1.19999972e+00 -2.27887941e-07 
 1.74250000e-07  1.20002299e+00  5.22544152e-01  0.00000000e+00  0.00000000e+00  1.20000000e+00  0.00000000e+00  1.20000011e+00  2.67992557e-07 
 1.74350000e-07  1.20002284e+00  5.22544139e-01  0.00000000e+00  0.00000000e+00  1.20000000e+00  0.00000000e+00  1.19999972e+00 -2.25984212e-07 
 1.74450000e-07  1.20002269e+00  5.22544127e-01  0.00000000e+00  0.00000000e+00  1.20000000e+00  0.00000000e+00  1.20000011e+00  2.66095890e-07 
 1.74550000e-07  1.20002254e+00  5.22544114e-01  0.00000000e+00  0.00000000e+00  1.20000000e+00  0.00000000e+00  1.19999972e+00 -2.24094596e-07 
 1.74650000e-07  1.20002240e+00  5.22544102e-01  0.00000000e+00  0.00000000e+00  1.20000000e+00  0.00000000e+00  1.20000011e+00  2.64213281e-07 
 1.74750000e-07  1.20002225e+00  5.22544089e-01  0.00000000e+00  0.00000000e+00  1.20000000e+00  0.00000000e+00  1.19999972e+00 -2.22218986e-07 
 1.74850000e-07  1.20002210e+00  5.22544077e-01  0.00000000e+00  0.00000000e+00  1.20000000e+00  0.00000000e+00  1.20000010e+00  2.62344633e-07 
 1.74950000e-07  1.20002196e+00  5.22544064e-01  0.00000000e+00  0.00000000e+00  1.20000000e+00  0.00000000e+00  1.19999972e+00 -2.20357292e-07 
 1.75050000e-07  1.20002181e+00  5.22544052e-01  0.00000000e+00  0.00000000e+00  1.20000000e+00  0.00000000e+00  1.20000010e+00  2.60489852e-07 
 1.75150000e-07  1.20002167e+00  5.22544039e-01  0.00000000e+00  0.00000000e+00  1.20000000e+00  0.00000000e+00  1.19999972e+00 -2.18509415e-07 
 1.75250000e-07  1.20002153e+00  5.22544027e-01  0.00000000e+00  0.00000000e+00  1.20000000e+00  0.00000000e+00  1.20000010e+00  2.58648836e-07 
 1.75350000e-07  1.20002138e+00  5.22544014e-01  0.00000000e+00  0.00000000e+00  1.20000000e+00  0.00000000e+00  1.19999972e+00 -2.16675251e-07 
 1.75450000e-07  1.20002124e+00  5.22544003e-01  0.00000000e+00  0.00000000e+00  1.20000000e+00  0.00000000e+00  1.20000010e+00  2.56821486e-07 
 1.75550000e-07  1.20002110e+00  5.22543989e-01  0.00000000e+00  0.00000000e+00  1.20000000e+00  0.00000000e+00  1.19999972e+00 -2.14854710e-07 
 1.75650000e-07  1.20002096e+00  5.22543978e-01  0.00000000e+00  0.00000000e+00  1.20000000e+00  0.00000000e+00  1.20000010e+00  2.55007719e-07 
 1.75750000e-07  1.20002083e+00  5.22543965e-01  0.00000000e+00  0.00000000e+00  1.20000000e+00  0.00000000e+00  1.19999973e+00 -2.13047702e-07 
 1.75850000e-07  1.20002069e+00  5.22543953e-01  0.00000000e+00  0.00000000e+00  1.20000000e+00  0.00000000e+00  1.20000010e+00  2.53207427e-07 
 1.75950000e-07  1.20002055e+00  5.22543940e-01  0.00000000e+00  0.00000000e+00  1.20000000e+00  0.00000000e+00  1.19999973e+00 -2.11254120e-07 
 1.76050000e-07  1.20002042e+00  5.22543928e-01  0.00000000e+00  0.00000000e+00  1.20000000e+00  0.00000000e+00  1.20000010e+00  2.51420521e-07 
 1.76150000e-07  1.20002028e+00  5.22543915e-01  0.00000000e+00  0.00000000e+00  1.20000000e+00  0.00000000e+00  1.19999973e+00 -2.09473880e-07 
 1.76250000e-07  1.20002015e+00  5.22543903e-01  0.00000000e+00  0.00000000e+00  1.20000000e+00  0.00000000e+00  1.20000010e+00  2.49646909e-07 
 1.76350000e-07  1.20002002e+00  5.22543890e-01  0.00000000e+00  0.00000000e+00  1.20000000e+00  0.00000000e+00  1.19999973e+00 -2.07706883e-07 
 1.76450000e-07  1.20001988e+00  5.22543878e-01  0.00000000e+00  0.00000000e+00  1.20000000e+00  0.00000000e+00  1.20000010e+00  2.47886489e-07 
 1.76550000e-07  1.20001975e+00  5.22543865e-01  0.00000000e+00  0.00000000e+00  1.20000000e+00  0.00000000e+00  1.19999973e+00 -2.05953031e-07 
 1.76650000e-07  1.20001962e+00  5.22543854e-01  0.00000000e+00  0.00000000e+00  1.20000000e+00  0.00000000e+00  1.20000010e+00  2.46139171e-07 
 1.76750000e-07  1.20001949e+00  5.22543840e-01  0.00000000e+00  0.00000000e+00  1.20000000e+00  0.00000000e+00  1.19999973e+00 -2.04212238e-07 
 1.76850000e-07  1.20001936e+00  5.22543829e-01  0.00000000e+00  0.00000000e+00  1.20000000e+00  0.00000000e+00  1.20000010e+00  2.44404869e-07 
 1.76950000e-07  1.20001924e+00  5.22543816e-01  0.00000000e+00  0.00000000e+00  1.20000000e+00  0.00000000e+00  1.19999973e+00 -2.02484416e-07 
 1.77050000e-07  1.20001911e+00  5.22543804e-01  0.00000000e+00  0.00000000e+00  1.20000000e+00  0.00000000e+00  1.20000009e+00  2.42683488e-07 
 1.77150000e-07  1.20001898e+00  5.22543791e-01  0.00000000e+00  0.00000000e+00  1.20000000e+00  0.00000000e+00  1.19999973e+00 -2.00769465e-07 
 1.77250000e-07  1.20001886e+00  5.22543779e-01  0.00000000e+00  0.00000000e+00  1.20000000e+00  0.00000000e+00  1.20000009e+00  2.40974930e-07 
 1.77350000e-07  1.20001873e+00  5.22543766e-01  0.00000000e+00  0.00000000e+00  1.20000000e+00  0.00000000e+00  1.19999973e+00 -1.99067293e-07 
 1.77450000e-07  1.20001861e+00  5.22543754e-01  0.00000000e+00  0.00000000e+00  1.20000000e+00  0.00000000e+00  1.20000009e+00  2.39279115e-07 
 1.77550000e-07  1.20001849e+00  5.22543741e-01  0.00000000e+00  0.00000000e+00  1.20000000e+00  0.00000000e+00  1.19999973e+00 -1.97377822e-07 
 1.77650000e-07  1.20001837e+00  5.22543729e-01  0.00000000e+00  0.00000000e+00  1.20000000e+00  0.00000000e+00  1.20000009e+00  2.37595952e-07 
 1.77750000e-07  1.20001824e+00  5.22543716e-01  0.00000000e+00  0.00000000e+00  1.20000000e+00  0.00000000e+00  1.19999973e+00 -1.95700954e-07 
 1.77850000e-07  1.20001812e+00  5.22543705e-01  0.00000000e+00  0.00000000e+00  1.20000000e+00  0.00000000e+00  1.20000009e+00  2.35925346e-07 
 1.77950000e-07  1.20001800e+00  5.22543692e-01  0.00000000e+00  0.00000000e+00  1.20000000e+00  0.00000000e+00  1.19999974e+00 -1.94036600e-07 
 1.78050000e-07  1.20001788e+00  5.22543680e-01  0.00000000e+00  0.00000000e+00  1.20000000e+00  0.00000000e+00  1.20000009e+00  2.34267207e-07 
 1.78150000e-07  1.20001777e+00  5.22543667e-01  0.00000000e+00  0.00000000e+00  1.20000000e+00  0.00000000e+00  1.19999974e+00 -1.92384668e-07 
 1.78250000e-07  1.20001765e+00  5.22543655e-01  0.00000000e+00  0.00000000e+00  1.20000000e+00  0.00000000e+00  1.20000009e+00  2.32621453e-07 
 1.78350000e-07  1.20001753e+00  5.22543642e-01  0.00000000e+00  0.00000000e+00  1.20000000e+00  0.00000000e+00  1.19999974e+00 -1.90745078e-07 
 1.78450000e-07  1.20001742e+00  5.22543630e-01  0.00000000e+00  0.00000000e+00  1.20000000e+00  0.00000000e+00  1.20000009e+00  2.30987996e-07 
 1.78550000e-07  1.20001730e+00  5.22543617e-01  0.00000000e+00  0.00000000e+00  1.20000000e+00  0.00000000e+00  1.19999974e+00 -1.89117741e-07 
 1.78650000e-07  1.20001719e+00  5.22543605e-01  0.00000000e+00  0.00000000e+00  1.20000000e+00  0.00000000e+00  1.20000009e+00  2.29366744e-07 
 1.78750000e-07  1.20001707e+00  5.22543592e-01  0.00000000e+00  0.00000000e+00  1.20000000e+00  0.00000000e+00  1.19999974e+00 -1.87502567e-07 
 1.78850000e-07  1.20001696e+00  5.22543581e-01  0.00000000e+00  0.00000000e+00  1.20000000e+00  0.00000000e+00  1.20000009e+00  2.27757615e-07 
 1.78950000e-07  1.20001685e+00  5.22543568e-01  0.00000000e+00  0.00000000e+00  1.20000000e+00  0.00000000e+00  1.19999974e+00 -1.85899468e-07 
 1.79050000e-07  1.20001674e+00  5.22543556e-01  0.00000000e+00  0.00000000e+00  1.20000000e+00  0.00000000e+00  1.20000009e+00  2.26160513e-07 
 1.79150000e-07  1.20001663e+00  5.22543543e-01  0.00000000e+00  0.00000000e+00  1.20000000e+00  0.00000000e+00  1.19999974e+00 -1.84308357e-07 
 1.79250000e-07  1.20001652e+00  5.22543531e-01  0.00000000e+00  0.00000000e+00  1.20000000e+00  0.00000000e+00  1.20000009e+00  2.24575366e-07 
 1.79350000e-07  1.20001641e+00  5.22543518e-01  0.00000000e+00  0.00000000e+00  1.20000000e+00  0.00000000e+00  1.19999974e+00 -1.82729158e-07 
 1.79450000e-07  1.20001630e+00  5.22543506e-01  0.00000000e+00  0.00000000e+00  1.20000000e+00  0.00000000e+00  1.20000008e+00  2.23002082e-07 
 1.79550000e-07  1.20001619e+00  5.22543493e-01  0.00000000e+00  0.00000000e+00  1.20000000e+00  0.00000000e+00  1.19999974e+00 -1.81161777e-07 
 1.79650000e-07  1.20001608e+00  5.22543481e-01  0.00000000e+00  0.00000000e+00  1.20000000e+00  0.00000000e+00  1.20000008e+00  2.21440578e-07 
 1.79750000e-07  1.20001598e+00  5.22543469e-01  0.00000000e+00  0.00000000e+00  1.20000000e+00  0.00000000e+00  1.19999974e+00 -1.79606136e-07 
 1.79850000e-07  1.20001587e+00  5.22543457e-01  0.00000000e+00  0.00000000e+00  1.20000000e+00  0.00000000e+00  1.20000008e+00  2.19890767e-07 
 1.79950000e-07  1.20001576e+00  5.22543444e-01  0.00000000e+00  0.00000000e+00  1.20000000e+00  0.00000000e+00  1.19999974e+00 -1.78062149e-07 
 1.80000000e-07  1.20001571e+00  5.22543438e-01  0.00000000e+00  0.00000000e+00  1.20000000e+00  0.00000000e+00  1.20000008e+00  2.17587796e-07 
